<TICKER>,<DTYYYYMMDD>,<FIRST>,<HIGH>,<LOW>,<CLOSE>,<VALUE>,<VOL>,<OPENINT>,<PER>,<OPEN>,<LAST>
S*HiWeb,20220823,3062.00,3132.00,3013.00,3093.00,348077357251,112531322,3940,D,3052.00,3120.00
S*HiWeb,20220822,3074.00,3098.00,3020.00,3052.00,611707135579,200454605,5756,D,3007.00,3071.00
S*HiWeb,20220821,2941.00,3070.00,2927.00,3007.00,548557805200,182456341,6309,D,2927.00,3067.00
S*HiWeb,20220820,2880.00,2990.00,2800.00,2927.00,551022847006,188267347,5724,D,2865.00,2951.00
S*HiWeb,20220817,2800.00,2899.00,2760.00,2865.00,746190790042,260408160,6935,D,2735.00,2898.00
S*HiWeb,20220816,2683.00,2743.00,2656.00,2735.00,405757374559,148348419,3947,D,2588.00,2743.00
S*HiWeb,20220815,2484.00,2630.00,2465.00,2588.00,390139449934,150763003,4854,D,2482.00,2627.00
S*HiWeb,20220814,2559.00,2559.00,2460.00,2482.00,99268962525,39988759,1540,D,2492.00,2485.00
S*HiWeb,20220813,2410.00,2530.00,2410.00,2492.00,380323697079,152644297,2678,D,2422.00,2514.00
S*HiWeb,20220810,2472.00,2499.00,2380.00,2422.00,118643934931,48987106,2287,D,2495.00,2419.00
S*HiWeb,20220809,2530.00,2548.00,2469.00,2495.00,97973922122,39260902,2462,D,2553.00,2470.00
S*HiWeb,20220806,2578.00,2620.00,2505.00,2553.00,590800412264,231448045,4661,D,2511.00,2513.00
S*HiWeb,20220803,2464.00,2580.00,2426.00,2511.00,1110448479899,442188220,5158,D,2437.00,2553.00
S*HiWeb,20220802,2459.00,2500.00,2370.00,2437.00,133564556362,54817259,2889,D,2422.00,2448.00
S*HiWeb,20220801,2430.00,2457.00,2400.00,2422.00,202620500712,83654793,2691,D,2580.00,2430.00
S*HiWeb,20220706,8810.00,8930.00,8700.00,8760.00,298559049010,34066993,4088,D,8850.00,8750.00
S*HiWeb,20220705,8990.00,8990.00,8800.00,8850.00,141945467130,16044155,2438,D,8950.00,8860.00
S*HiWeb,20220704,9080.00,9120.00,8860.00,8950.00,142677428130,15949802,2445,D,8990.00,8870.00
S*HiWeb,20220703,9010.00,9090.00,8900.00,8990.00,159056703050,17688872,2358,D,9060.00,8970.00
S*HiWeb,20220702,9390.00,9390.00,8950.00,9060.00,198005730090,21857317,2916,D,9140.00,8990.00
S*HiWeb,20220629,9180.00,9370.00,9060.00,9140.00,116924097350,12790510,1980,D,9200.00,9140.00
S*HiWeb,20220628,9140.00,9380.00,9050.00,9200.00,114184286600,12415455,2418,D,9050.00,9250.00
S*HiWeb,20220627,9090.00,9180.00,8980.00,9050.00,225939628840,24978429,2996,D,9180.00,9090.00
S*HiWeb,20220626,9570.00,9720.00,9090.00,9180.00,427047242570,46503387,4101,D,9670.00,9090.00
S*HiWeb,20220625,9530.00,9940.00,9530.00,9670.00,113449935520,11730314,1798,D,9610.00,9590.00
S*HiWeb,20220622,9760.00,10040.00,9440.00,9610.00,171736386730,17872508,2528,D,9770.00,9550.00
S*HiWeb,20220621,9910.00,9980.00,9600.00,9770.00,224534685350,22978169,3355,D,9650.00,9690.00
S*HiWeb,20220620,9300.00,9870.00,9270.00,9650.00,1570726025690,162789920,7811,D,9320.00,9870.00
S*HiWeb,20220619,9210.00,9500.00,9180.00,9320.00,103467677990,11104724,1672,D,9260.00,9260.00
S*HiWeb,20220618,9400.00,9420.00,9180.00,9260.00,110609469410,11946353,2013,D,9430.00,9260.00
S*HiWeb,20220615,9540.00,9690.00,9370.00,9430.00,100952532550,10708907,1913,D,9660.00,9400.00
S*HiWeb,20220614,9820.00,9930.00,9500.00,9660.00,146317348120,15148181,2290,D,9870.00,9500.00
S*HiWeb,20220613,9770.00,10100.00,9650.00,9870.00,254307026570,25767926,3052,D,9630.00,9820.00
S*HiWeb,20220612,9620.00,9810.00,9390.00,9630.00,193077593460,20041071,2207,D,9670.00,9600.00
S*HiWeb,20220611,9750.00,9810.00,9560.00,9670.00,147385594360,15248926,1979,D,9810.00,9670.00
S*HiWeb,20220608,9580.00,9990.00,9580.00,9810.00,168210549560,17145810,2764,D,9580.00,9690.00
S*HiWeb,20220607,9500.00,9840.00,9300.00,9580.00,211462115550,22071976,2434,D,9510.00,9570.00
S*HiWeb,20220606,9700.00,9800.00,9300.00,9510.00,275846832030,28992482,3726,D,9560.00,9420.00
S*HiWeb,20220601,9380.00,9580.00,9280.00,9560.00,564622734880,59084766,4854,D,9040.00,9580.00
S*HiWeb,20220531,9000.00,9200.00,8920.00,9040.00,124968499840,13824372,2346,D,9060.00,9010.00
S*HiWeb,20220530,9140.00,9300.00,8880.00,9060.00,195284225820,21551368,2837,D,9120.00,8990.00
S*HiWeb,20220529,9480.00,9600.00,9080.00,9120.00,488783458620,53581352,5092,D,9650.00,9130.00
S*HiWeb,20220528,10000.00,10000.00,9440.00,9650.00,157535244570,16318876,2885,D,9930.00,9540.00
S*HiWeb,20220525,9520.00,10120.00,9520.00,9930.00,348516769600,35091878,3608,D,9560.00,9890.00
S*HiWeb,20220524,9600.00,9810.00,9300.00,9560.00,173652073230,18157613,2845,D,9640.00,9540.00
S*HiWeb,20220523,10100.00,10250.00,9510.00,9640.00,390437026250,40504179,4922,D,10110.00,9570.00
S*HiWeb,20220522,9750.00,10280.00,9750.00,10110.00,284190170600,28117580,3494,D,9810.00,10110.00
S*HiWeb,20220521,9920.00,9990.00,9600.00,9810.00,141971479720,14479480,2452,D,9820.00,9760.00
S*HiWeb,20220518,10000.00,10000.00,9700.00,9820.00,155792009090,15863228,2296,D,10010.00,9860.00
S*HiWeb,20220517,10390.00,10390.00,9820.00,10010.00,242400670990,24207439,3303,D,10020.00,9990.00
S*HiWeb,20220516,9700.00,10180.00,9660.00,10020.00,347733678540,34694726,3825,D,9640.00,10070.00
S*HiWeb,20220515,9990.00,9990.00,9450.00,9640.00,269459252220,27959182,4045,D,9950.00,9640.00
S*HiWeb,20220514,10180.00,10260.00,9790.00,9950.00,444786614400,44721260,5024,D,10110.00,10000.00
S*HiWeb,20220511,9900.00,10300.00,9870.00,10110.00,638680348550,63200535,4376,D,9990.00,10130.00
S*HiWeb,20220510,9770.00,10140.00,9700.00,9990.00,591996692320,59263503,4742,D,9920.00,9920.00
S*HiWeb,20220509,10220.00,10280.00,9700.00,9920.00,1013860305030,102172689,8357,D,10060.00,9760.00
S*HiWeb,20220508,9870.00,10150.00,9670.00,10060.00,1486408573190,147790859,9344,D,9580.00,10150.00
S*HiWeb,20220507,9600.00,9600.00,9420.00,9580.00,1744996843570,182179773,7918,D,9060.00,9600.00
S*HiWeb,20220502,8910.00,9190.00,8910.00,9060.00,217454212140,24010609,2364,D,8860.00,9070.00
S*HiWeb,20220501,8950.00,9090.00,8640.00,8860.00,305296202280,34476249,3617,D,9000.00,8940.00
S*HiWeb,20220430,8600.00,9080.00,8600.00,9000.00,496567741440,55156198,4440,D,8570.00,8990.00
S*HiWeb,20220427,8520.00,8720.00,8470.00,8570.00,187353268490,21859491,2367,D,8550.00,8540.00
S*HiWeb,20220426,8580.00,8660.00,8450.00,8550.00,191931242320,22453937,2573,D,8590.00,8540.00
S*HiWeb,20220425,8450.00,8830.00,8430.00,8590.00,154565739670,17991126,2762,D,8550.00,8510.00
S*HiWeb,20220424,8410.00,8720.00,8410.00,8550.00,185517477400,21700301,2783,D,8310.00,8460.00
S*HiWeb,20220420,8520.00,8520.00,8230.00,8310.00,124707032290,15003157,2065,D,8420.00,8340.00
S*HiWeb,20220419,8310.00,8570.00,8220.00,8420.00,149784545300,17779130,2371,D,8530.00,8420.00
S*HiWeb,20220418,8650.00,8720.00,8280.00,8530.00,476170035150,55830104,5416,D,8450.00,8310.00
S*HiWeb,20220417,8480.00,8480.00,8260.00,8450.00,780212718870,92288055,5784,D,8080.00,8480.00
S*HiWeb,20220416,7910.00,8090.00,7820.00,8080.00,171147257800,21176335,967,D,7710.00,8090.00
S*HiWeb,20220413,7570.00,7830.00,7450.00,7710.00,61651161380,7997695,1314,D,7590.00,7780.00
S*HiWeb,20220412,7860.00,7900.00,7520.00,7590.00,201433801640,26537310,2890,D,7910.00,7520.00
S*HiWeb,20220411,7970.00,8040.00,7820.00,7910.00,122634725710,15495648,2255,D,7990.00,7860.00
S*HiWeb,20220410,7900.00,8180.00,7860.00,7990.00,164047470820,20522421,2868,D,7920.00,7960.00
S*HiWeb,20220409,7830.00,8050.00,7630.00,7920.00,248074610890,31335375,3936,D,7810.00,7900.00
S*HiWeb,20220406,8040.00,8040.00,7550.00,7810.00,216984980760,27794993,3311,D,7740.00,7630.00
S*HiWeb,20220405,7480.00,7860.00,7320.00,7740.00,193315220610,24981258,2446,D,7490.00,7860.00
S*HiWeb,20220404,7660.00,7790.00,7350.00,7490.00,197925841080,26428830,2903,D,7560.00,7470.00
S*HiWeb,20220403,7500.00,7630.00,7320.00,7560.00,321466494570,42505267,3191,D,7270.00,7630.00
S*HiWeb,20220330,7240.00,7380.00,7050.00,7270.00,117662990410,16177965,2090,D,7280.00,7300.00
S*HiWeb,20220329,7350.00,7360.00,7070.00,7280.00,240387718350,33022035,2936,D,7010.00,7110.00
S*HiWeb,20220328,6900.00,7190.00,6810.00,7010.00,97875423910,13969304,1501,D,6850.00,7190.00
S*HiWeb,20220327,6820.00,6950.00,6700.00,6850.00,70826974440,10342259,1445,D,6790.00,6880.00
S*HiWeb,20220326,6750.00,6900.00,6710.00,6790.00,108088071970,15917487,1506,D,6700.00,6770.00
S*HiWeb,20220319,6640.00,6760.00,6590.00,6700.00,96323254940,14370011,1460,D,6550.00,6720.00
S*HiWeb,20220316,6360.00,6620.00,6350.00,6550.00,51787805180,7907722,1035,D,6390.00,6580.00
S*HiWeb,20220315,6440.00,6460.00,6310.00,6390.00,38086732020,5959132,801,D,6380.00,6360.00
S*HiWeb,20220314,6270.00,6500.00,6270.00,6380.00,50264252520,7872731,1030,D,6300.00,6340.00
S*HiWeb,20220313,6250.00,6390.00,6240.00,6300.00,71056951280,11280505,1419,D,6320.00,6270.00
S*HiWeb,20220312,6400.00,6500.00,6250.00,6320.00,78423397830,12404628,1406,D,6490.00,6370.00
S*HiWeb,20220309,6490.00,6550.00,6400.00,6490.00,107944965340,16643118,1332,D,6460.00,6530.00
S*HiWeb,20220308,6480.00,6560.00,6350.00,6460.00,91868822850,14230287,1332,D,6590.00,6390.00
S*HiWeb,20220307,6640.00,6770.00,6400.00,6590.00,127360967110,19337700,1816,D,6560.00,6480.00
S*HiWeb,20220306,6500.00,6710.00,6430.00,6560.00,129101622630,19678530,1966,D,6550.00,6610.00
S*HiWeb,20220305,6510.00,6700.00,6490.00,6550.00,95327121560,14562698,1345,D,6560.00,6520.00
S*HiWeb,20220302,6730.00,6750.00,6460.00,6560.00,56318725470,8590366,1217,D,6660.00,6510.00
S*HiWeb,20220228,6500.00,6730.00,6410.00,6660.00,183397198120,27553089,2213,D,6410.00,6670.00
S*HiWeb,20220227,6400.00,6450.00,6310.00,6410.00,73116957270,11412343,1103,D,6410.00,6420.00
S*HiWeb,20220226,6380.00,6510.00,6350.00,6410.00,80563321520,12576629,1169,D,6500.00,6400.00
S*HiWeb,20220223,6400.00,6620.00,6320.00,6500.00,81617599240,12564233,1388,D,6490.00,6510.00
S*HiWeb,20220222,6620.00,6620.00,6400.00,6490.00,79278747370,12210156,1485,D,6630.00,6490.00
S*HiWeb,20220221,6640.00,6760.00,6510.00,6630.00,118531265430,17865010,2078,D,6440.00,6610.00
S*HiWeb,20220220,6210.00,6550.00,6160.00,6440.00,227793501810,35361830,2788,D,6240.00,6550.00
S*HiWeb,20220219,6300.00,6390.00,6190.00,6240.00,75415470920,12084984,1381,D,6290.00,6240.00
S*HiWeb,20220216,6390.00,6440.00,6210.00,6290.00,60535538480,9623899,1286,D,6320.00,6290.00
S*HiWeb,20220214,6210.00,6450.00,6210.00,6320.00,46256016180,7318037,1129,D,6250.00,6280.00
S*HiWeb,20220213,6420.00,6420.00,6200.00,6250.00,59445383700,9511607,1320,D,6390.00,6260.00
S*HiWeb,20220212,6500.00,6570.00,6280.00,6390.00,71439512940,11173137,1523,D,6460.00,6370.00
S*HiWeb,20220209,6450.00,6540.00,6340.00,6460.00,95271699260,14737420,1407,D,6480.00,6460.00
S*HiWeb,20220208,6350.00,6650.00,6350.00,6480.00,73810814230,11393490,1126,D,6350.00,6440.00
S*HiWeb,20220207,6320.00,6500.00,6240.00,6350.00,56957668740,8962828,1031,D,6410.00,6390.00
S*HiWeb,20220206,6630.00,6660.00,6380.00,6410.00,138610431370,21634150,1711,D,6710.00,6420.00
S*HiWeb,20220205,6700.00,6860.00,6610.00,6710.00,70075588320,10441342,1227,D,6750.00,6700.00
S*HiWeb,20220202,6750.00,6930.00,6620.00,6750.00,63475322880,9410348,1296,D,6930.00,6690.00
S*HiWeb,20220201,7010.00,7100.00,6730.00,6930.00,67001135610,9664680,1410,D,6870.00,6840.00
S*HiWeb,20220131,6650.00,7070.00,6550.00,6870.00,138555722050,20175157,2018,D,6770.00,7000.00
S*HiWeb,20220130,6910.00,6990.00,6570.00,6770.00,85045579290,12560403,1699,D,6720.00,6730.00
S*HiWeb,20220129,6600.00,6760.00,6540.00,6720.00,50331780230,7490010,656,D,6440.00,6760.00
S*HiWeb,20220126,6400.00,6620.00,6210.00,6440.00,118204306170,18361458,1737,D,6320.00,6580.00
S*HiWeb,20220125,6630.00,6690.00,6300.00,6320.00,168126906910,26609685,1744,D,6630.00,6300.00
S*HiWeb,20220124,6760.00,6780.00,6450.00,6630.00,103649342980,15639962,1814,D,6650.00,6560.00
S*HiWeb,20220123,6730.00,6840.00,6640.00,6650.00,216947358100,32601378,2399,D,6980.00,6660.00
S*HiWeb,20220122,7200.00,7300.00,6950.00,6980.00,139265420660,19946888,1738,D,7310.00,6950.00
S*HiWeb,20220119,7190.00,7490.00,7110.00,7310.00,119821423740,16391255,1451,D,7310.00,7470.00
S*HiWeb,20220118,7590.00,7640.00,7290.00,7310.00,158551195790,21680728,1475,D,7670.00,7290.00
S*HiWeb,20220117,7680.00,7870.00,7590.00,7670.00,67198501300,8764337,937,D,7670.00,7660.00
S*HiWeb,20220116,7650.00,7870.00,7590.00,7670.00,67427696140,8795205,1158,D,7720.00,7650.00
S*HiWeb,20220115,7780.00,7970.00,7630.00,7720.00,57382566390,7433252,1199,D,7850.00,7700.00
S*HiWeb,20220112,7930.00,7990.00,7740.00,7850.00,65374105360,8327849,1110,D,7910.00,7900.00
S*HiWeb,20220111,7800.00,8050.00,7800.00,7910.00,46330660070,5859412,998,D,7810.00,7880.00
S*HiWeb,20220110,7760.00,7990.00,7620.00,7810.00,75393753880,9657090,1274,D,7780.00,7840.00
S*HiWeb,20220109,8060.00,8140.00,7680.00,7780.00,107428842670,13812944,1852,D,8080.00,7800.00
S*HiWeb,20220108,8050.00,8050.00,8000.00,8080.00,11233928050,1398649,187,D,8120.00,8050.00
S*HiWeb,20220103,8280.00,8280.00,8060.00,8120.00,46704133760,5748401,1016,D,8210.00,8080.00
S*HiWeb,20220102,8100.00,8320.00,8100.00,8210.00,50703927000,6173308,1004,D,8190.00,8230.00
S*HiWeb,20220101,8270.00,8420.00,8070.00,8190.00,73317595790,8951051,1108,D,8400.00,8190.00
S*HiWeb,20211229,8530.00,8650.00,8270.00,8400.00,74835280520,8907937,1403,D,8560.00,8330.00
S*HiWeb,20211228,8210.00,8740.00,8210.00,8560.00,221963022650,25924005,2089,D,8330.00,8570.00
S*HiWeb,20211227,8300.00,8510.00,8190.00,8330.00,135524024560,16266886,1477,D,8190.00,8240.00
S*HiWeb,20211226,8200.00,8400.00,7970.00,8190.00,111431396840,13600051,1605,D,8340.00,8300.00
S*HiWeb,20211225,8550.00,8570.00,8130.00,8340.00,167773496550,20113820,2863,D,8480.00,8200.00
S*HiWeb,20211222,8250.00,8600.00,8250.00,8480.00,160658010900,18945055,1949,D,8220.00,8440.00
S*HiWeb,20211221,8030.00,8350.00,8020.00,8220.00,126910998090,15444395,1776,D,8010.00,8230.00
S*HiWeb,20211220,7650.00,8100.00,7650.00,8010.00,348797980740,43567442,2815,D,7720.00,8100.00
S*HiWeb,20211219,8000.00,8000.00,7620.00,7720.00,47570081470,6163406,1025,D,7880.00,7710.00
S*HiWeb,20211218,7760.00,8050.00,7740.00,7880.00,69504148880,8815530,1361,D,7710.00,7890.00
S*HiWeb,20211215,7850.00,7920.00,7600.00,7710.00,63091551780,8178855,1234,D,7710.00,7670.00
S*HiWeb,20211214,7800.00,8000.00,7470.00,7710.00,75837571960,9839100,1482,D,7830.00,7680.00
S*HiWeb,20211213,8080.00,8360.00,7660.00,7830.00,193947221690,24763242,2473,D,8060.00,7660.00
S*HiWeb,20211212,8330.00,8400.00,7970.00,8060.00,77266800230,9587124,1204,D,8360.00,8080.00
S*HiWeb,20211211,8320.00,8590.00,8260.00,8360.00,63261215440,7566739,1199,D,8480.00,8300.00
S*HiWeb,20211208,8240.00,8550.00,8150.00,8480.00,147676017150,17423538,2193,D,8150.00,8480.00
S*HiWeb,20211207,8180.00,8270.00,8050.00,8150.00,86592241060,10628937,1183,D,8220.00,8200.00
S*HiWeb,20211206,8290.00,8350.00,8050.00,8220.00,67247386710,8180835,1171,D,8210.00,8070.00
S*HiWeb,20211205,8090.00,8340.00,8000.00,8210.00,72342033260,8807943,1417,D,7960.00,8200.00
S*HiWeb,20211204,8300.00,8440.00,7870.00,7960.00,148950774770,18704186,2402,D,8280.00,8030.00
S*HiWeb,20211201,8550.00,8630.00,8030.00,8280.00,88944808670,10742260,1692,D,8340.00,8280.00
S*HiWeb,20211130,8390.00,8550.00,8230.00,8340.00,81490067740,9771177,1332,D,8400.00,8280.00
S*HiWeb,20211129,8520.00,8690.00,8280.00,8400.00,103615044020,12339970,1678,D,8570.00,8320.00
S*HiWeb,20211128,8530.00,8760.00,8420.00,8570.00,109826452940,12808675,1852,D,8710.00,8580.00
S*HiWeb,20211127,9100.00,9150.00,8630.00,8710.00,147401929990,16923091,2137,D,9080.00,8630.00
S*HiWeb,20211124,9200.00,9330.00,8990.00,9080.00,133619358560,14715485,2067,D,9200.00,9100.00
S*HiWeb,20211123,9350.00,9350.00,9130.00,9200.00,126268594120,13719715,2035,D,9380.00,9230.00
S*HiWeb,20211122,9590.00,9610.00,9250.00,9380.00,168639363960,17985719,2889,D,9460.00,9290.00
S*HiWeb,20211121,9250.00,9740.00,9250.00,9460.00,240475166200,25425361,3174,D,9480.00,9440.00
S*HiWeb,20211120,9560.00,9560.00,9250.00,9480.00,1026283086890,108209523,7152,D,9110.00,9290.00
S*HiWeb,20211117,9000.00,9160.00,8860.00,9110.00,159852255310,17551365,1232,D,8730.00,9160.00
S*HiWeb,20211116,8580.00,8880.00,8580.00,8730.00,137276936290,15723676,1638,D,8820.00,8750.00
S*HiWeb,20211115,8910.00,9120.00,8600.00,8820.00,171930076840,19488659,2338,D,9020.00,8640.00
S*HiWeb,20211114,9010.00,9270.00,8780.00,9020.00,177483950590,19682321,2610,D,9010.00,8990.00
S*HiWeb,20211113,8700.00,9210.00,8600.00,9010.00,318481566160,35347377,3465,D,8980.00,8900.00
S*HiWeb,20211110,8650.00,9070.00,8500.00,8980.00,623182854260,69432478,5026,D,8640.00,8930.00
S*HiWeb,20211109,8410.00,8830.00,8360.00,8640.00,186034436330,21524207,2334,D,8620.00,8630.00
S*HiWeb,20211108,8670.00,8840.00,8410.00,8620.00,167520300530,19440320,2517,D,8700.00,8540.00
S*HiWeb,20211107,8880.00,9050.00,8570.00,8700.00,300426464150,34537539,3833,D,9020.00,8580.00
S*HiWeb,20211106,8770.00,9050.00,8750.00,9020.00,492489524530,54627569,4142,D,8620.00,8950.00
S*HiWeb,20211103,8220.00,8730.00,8000.00,8620.00,252548022430,29283987,2232,D,8320.00,8730.00
S*HiWeb,20211102,8100.00,8500.00,8000.00,8320.00,193587045080,23266102,2349,D,8220.00,8290.00
S*HiWeb,20211101,8300.00,8560.00,7960.00,8220.00,245203553190,29816784,3199,D,8240.00,8100.00
S*HiWeb,20211031,8490.00,8490.00,8170.00,8240.00,93714266780,11378243,1086,D,8600.00,8170.00
S*HiWeb,20211030,8800.00,8880.00,8340.00,8600.00,247916334180,28811552,3675,D,8710.00,8400.00
S*HiWeb,20211027,8250.00,8730.00,8250.00,8710.00,803955566550,92302035,5187,D,8320.00,8700.00
S*HiWeb,20211026,8250.00,8540.00,8150.00,8320.00,191064793480,22975455,2813,D,8530.00,8210.00
S*HiWeb,20211025,8550.00,8790.00,8350.00,8530.00,632492494010,74141007,6415,D,8550.00,8360.00
S*HiWeb,20211023,8550.00,8550.00,8550.00,8550.00,194485815450,22746879,884,D,8150.00,8550.00
S*HiWeb,20211020,8100.00,8170.00,7910.00,8150.00,549532236360,67421205,2278,D,7790.00,8170.00
S*HiWeb,20211019,7510.00,7800.00,7510.00,7790.00,305301484570,39187778,1874,D,7430.00,7800.00
S*HiWeb,20211018,7670.00,7670.00,7320.00,7430.00,112549711060,15146716,2087,D,7700.00,7480.00
S*HiWeb,20211017,7860.00,7950.00,7520.00,7700.00,118871152260,15438827,2042,D,7810.00,7600.00
S*HiWeb,20211016,7700.00,7880.00,7550.00,7810.00,117543396520,15042293,1961,D,7510.00,7880.00
S*HiWeb,20211013,7700.00,7950.00,7450.00,7510.00,202008730380,26888803,2930,D,7840.00,7540.00
S*HiWeb,20211012,8230.00,8230.00,7820.00,7840.00,231396186100,29531222,3613,D,8230.00,7850.00
S*HiWeb,20211011,8220.00,8500.00,8060.00,8230.00,85373724100,10375034,2480,D,8210.00,8120.00
S*HiWeb,20211010,8350.00,8370.00,8080.00,8210.00,122257602360,14895147,2350,D,8470.00,8250.00
S*HiWeb,20211009,8880.00,8900.00,8410.00,8470.00,122458898910,14453042,2240,D,8850.00,8410.00
S*HiWeb,20211006,8620.00,8980.00,8470.00,8850.00,175617794110,19849742,3247,D,8560.00,8840.00
S*HiWeb,20211004,8530.00,8660.00,8460.00,8560.00,78593776510,9177789,1840,D,8480.00,8520.00
S*HiWeb,20211003,8490.00,8650.00,8310.00,8480.00,187395328290,22092248,3094,D,8460.00,8550.00
S*HiWeb,20211002,8540.00,8660.00,8270.00,8460.00,135679918960,16046449,3235,D,8380.00,8310.00
S*HiWeb,20210929,8380.00,8520.00,8260.00,8380.00,115746891710,13804443,2204,D,8440.00,8470.00
S*HiWeb,20210928,8210.00,8560.00,8210.00,8440.00,100538697890,11913774,2418,D,8370.00,8400.00
S*HiWeb,20210926,8580.00,8580.00,8250.00,8370.00,95013328060,11352364,2215,D,8450.00,8280.00
S*HiWeb,20210925,8200.00,8470.00,8200.00,8450.00,173555403940,20544331,2716,D,8070.00,8470.00
S*HiWeb,20210922,8290.00,8450.00,7850.00,8070.00,166205668110,20603818,3425,D,8250.00,8190.00
S*HiWeb,20210921,8570.00,8620.00,8190.00,8250.00,210160876100,25486551,3453,D,8620.00,8270.00
S*HiWeb,20210920,8460.00,8810.00,8460.00,8620.00,188758048010,21886617,2946,D,8460.00,8630.00
S*HiWeb,20210919,8500.00,8840.00,8350.00,8460.00,247694001290,29283946,3837,D,8780.00,8450.00
S*HiWeb,20210918,9170.00,9270.00,8710.00,8780.00,258061929540,29383345,3905,D,9160.00,8710.00
S*HiWeb,20210915,9390.00,9390.00,9000.00,9160.00,143385457520,15657755,3845,D,9390.00,9140.00
S*HiWeb,20210914,9160.00,9520.00,9160.00,9390.00,122911749840,13090770,2794,D,9130.00,9390.00
S*HiWeb,20210913,9300.00,9500.00,8930.00,9130.00,252782457260,27692873,4357,D,9390.00,9170.00
S*HiWeb,20210912,9600.00,9770.00,9370.00,9390.00,170564870350,18154858,2607,D,9860.00,9370.00
S*HiWeb,20210911,10200.00,10240.00,9610.00,9860.00,212676903290,21569824,3909,D,10060.00,9680.00
S*HiWeb,20210908,10000.00,10250.00,9890.00,10060.00,210888750760,20963679,5253,D,9900.00,10000.00
S*HiWeb,20210907,10000.00,10090.00,9770.00,9900.00,305383993710,30837962,5593,D,10260.00,9900.00
S*HiWeb,20210906,10670.00,10670.00,9910.00,10260.00,484023933210,47198393,8550,D,10420.00,10010.00
S*HiWeb,20210905,10270.00,10500.00,10050.00,10420.00,955561140430,91698182,10798,D,10000.00,10500.00
S*HiWeb,20210904,9850.00,10010.00,9810.00,10000.00,1006078286600,100637039,9089,D,9540.00,10010.00
S*HiWeb,20210901,9400.00,9770.00,9300.00,9540.00,435499928090,45646862,5898,D,9420.00,9610.00
S*HiWeb,20210831,9310.00,9780.00,9310.00,9420.00,498948012490,52976345,6422,D,9800.00,9370.00
S*HiWeb,20210830,9790.00,10000.00,9790.00,9800.00,275343432220,28102169,3206,D,10300.00,9790.00
S*HiWeb,20210829,10620.00,10720.00,10090.00,10300.00,448647698220,43564808,7683,D,10620.00,10090.00
S*HiWeb,20210828,10460.00,10730.00,10260.00,10620.00,574466738670,54115153,7357,D,10220.00,10570.00
S*HiWeb,20210825,10140.00,10480.00,10010.00,10220.00,394542796870,38599795,6874,D,10300.00,10310.00
S*HiWeb,20210824,10440.00,10600.00,10120.00,10300.00,413614871480,40169914,7734,D,10280.00,10140.00
S*HiWeb,20210823,9710.00,10510.00,9710.00,10280.00,553662769460,53856983,8181,D,10010.00,10430.00
S*HiWeb,20210822,10240.00,10340.00,9800.00,10010.00,616766678600,61630255,10993,D,10240.00,9840.00
S*HiWeb,20210815,10250.00,10250.00,10050.00,10240.00,352924332410,34481165,2486,D,9770.00,10200.00
S*HiWeb,20210810,9270.00,9930.00,9200.00,9770.00,1026196240180,105033017,8743,D,9460.00,9930.00
S*HiWeb,20210809,9350.00,9640.00,9350.00,9460.00,249231019760,26353968,4515,D,9350.00,9390.00
S*HiWeb,20210808,9350.00,9590.00,9150.00,9350.00,326248073440,34899107,6199,D,9270.00,9350.00
S*HiWeb,20210807,8860.00,9340.00,8860.00,9270.00,1077879186500,116250738,7485,D,8900.00,9340.00
S*HiWeb,20210804,8650.00,9040.00,8620.00,8900.00,333012821340,37413645,4068,D,8820.00,9010.00
S*HiWeb,20210803,8860.00,9020.00,8710.00,8820.00,285043801560,32334532,3698,D,9010.00,8810.00
S*HiWeb,20210802,9110.00,9180.00,8800.00,9010.00,355381902370,39433806,4952,D,9020.00,8850.00
S*HiWeb,20210801,8420.00,9060.00,8420.00,9020.00,950633574280,105347341,6151,D,8630.00,9060.00
S*HiWeb,20210731,8560.00,8820.00,8480.00,8630.00,260892810690,30229017,3710,D,8720.00,8530.00
S*HiWeb,20210728,8750.00,8940.00,8560.00,8720.00,173173326530,19862443,2685,D,8940.00,8690.00
S*HiWeb,20210727,9070.00,9150.00,8690.00,8940.00,513849374550,57504007,6427,D,9080.00,8780.00
S*HiWeb,20210726,9080.00,9080.00,9080.00,9080.00,127661721880,14059661,1074,D,8650.00,9080.00
S*HiWeb,20210719,8630.00,8670.00,8470.00,8650.00,127949666580,14784144,1170,D,8260.00,8670.00
S*HiWeb,20210718,8270.00,8450.00,8150.00,8260.00,202673786590,24547589,3874,D,8350.00,8450.00
S*HiWeb,20210717,8450.00,8620.00,8240.00,8350.00,211207544910,25284955,4441,D,8450.00,8300.00
S*HiWeb,20210714,8400.00,8590.00,8310.00,8450.00,163382988780,19340479,3351,D,8530.00,8430.00
S*HiWeb,20210713,8660.00,8800.00,8350.00,8530.00,171830557950,20150224,3654,D,8750.00,8410.00
S*HiWeb,20210712,8850.00,9030.00,8610.00,8750.00,200311471330,22881883,3987,D,8850.00,8650.00
S*HiWeb,20210711,8730.00,9000.00,8730.00,8850.00,179531505270,20286024,3535,D,8680.00,8810.00
S*HiWeb,20210710,8740.00,8890.00,8450.00,8680.00,278662481180,32096333,4126,D,8610.00,8760.00
S*HiWeb,20210707,8450.00,8810.00,8360.00,8610.00,206303649190,23970324,3460,D,8730.00,8690.00
S*HiWeb,20210706,8700.00,8960.00,8510.00,8730.00,259848221580,29764405,3815,D,8600.00,8540.00
S*HiWeb,20210705,8510.00,8760.00,8400.00,8600.00,152912476350,17787715,3072,D,8450.00,8690.00
S*HiWeb,20210704,8200.00,8650.00,8200.00,8450.00,146397076830,17334868,2747,D,8470.00,8360.00
S*HiWeb,20210703,8600.00,8730.00,8210.00,8470.00,301085401410,35551049,4078,D,8570.00,8260.00
S*HiWeb,20210630,8270.00,8630.00,8270.00,8570.00,279244322290,32570096,3797,D,8220.00,8630.00
S*HiWeb,20210629,8150.00,8470.00,8020.00,8220.00,312013879060,37972046,4894,D,8190.00,8350.00
S*HiWeb,20210628,8120.00,8300.00,8120.00,8190.00,165450071270,20195019,3457,D,8210.00,8150.00
S*HiWeb,20210627,8210.00,8400.00,8100.00,8210.00,212757775030,25916004,4605,D,8410.00,8140.00
S*HiWeb,20210626,8650.00,8770.00,8170.00,8410.00,377332197570,44890245,7742,D,8600.00,8260.00
S*HiWeb,20210623,8300.00,8650.00,8260.00,8600.00,498214236070,57923182,6610,D,8240.00,8650.00
S*HiWeb,20210622,8100.00,8450.00,8100.00,8240.00,610010116800,74010975,6676,D,8400.00,8350.00
S*HiWeb,20210615,8140.00,8140.00,8140.00,8490.00,4446385460,546239,140,D,8560.00,8140.00
S*HiWeb,20210614,8180.00,8180.00,8180.00,8560.00,3437669540,420253,115,D,8610.00,8180.00
S*HiWeb,20210613,8280.00,8280.00,8280.00,8610.00,6252161760,755092,136,D,8710.00,8280.00
S*HiWeb,20210612,8710.00,8710.00,8710.00,8710.00,207944229740,23874194,873,D,9160.00,8710.00
S*HiWeb,20210609,9160.00,9160.00,9160.00,9160.00,33428641400,3649415,480,D,10170.00,9160.00
S*HiWeb,20210608,9700.00,9700.00,9700.00,10170.00,2472471800,254894,52,D,10210.00,9700.00
S*HiWeb,20210607,9730.00,9730.00,9730.00,10210.00,1955146200,200940,55,D,10240.00,9730.00
S*HiWeb,20210602,9740.00,9740.00,9740.00,10240.00,874963680,89832,45,D,10250.00,9740.00
S*HiWeb,20210601,9740.00,9740.00,9740.00,10250.00,216870840,22266,21,D,10250.00,9740.00
S*HiWeb,20210531,9740.00,9740.00,9740.00,10250.00,265054620,27213,17,D,10250.00,9740.00
S*HiWeb,20210530,9760.00,9760.00,9760.00,10250.00,1270996000,130225,72,D,10270.00,9760.00
S*HiWeb,20210529,9830.00,9830.00,9830.00,10270.00,4410986410,448727,131,D,10340.00,9830.00
S*HiWeb,20210526,9840.00,9840.00,9840.00,10340.00,444000480,45122,30,D,10350.00,9840.00
S*HiWeb,20210525,9850.00,9850.00,9850.00,10350.00,429351650,43589,29,D,10360.00,9850.00
S*HiWeb,20210524,9850.00,9850.00,9850.00,10360.00,110300300,11198,10,D,10360.00,9850.00
S*HiWeb,20210523,9860.00,9860.00,9860.00,10360.00,522895520,53032,12,D,10370.00,9860.00
S*HiWeb,20210522,9860.00,9860.00,9860.00,10370.00,211250500,21425,9,D,10370.00,9860.00
S*HiWeb,20210519,9860.00,9860.00,9860.00,10370.00,110639060,11221,9,D,10370.00,9860.00
S*HiWeb,20210518,9860.00,9860.00,9860.00,10370.00,195218140,19799,11,D,10370.00,9860.00
S*HiWeb,20210517,9860.00,9860.00,9860.00,10370.00,164060540,16639,14,D,10370.00,9860.00
S*HiWeb,20210516,9870.00,9870.00,9870.00,10370.00,339123330,34359,37,D,10380.00,9870.00
S*HiWeb,20210515,9880.00,9880.00,9880.00,10380.00,1425822320,144314,53,D,10400.00,9880.00
S*HiWeb,20210512,9840.00,9840.00,9840.00,10400.00,4877530560,495684,198,D,10460.00,9840.00
S*HiWeb,20210511,10160.00,10160.00,10160.00,10460.00,2287056640,225104,64,D,10470.00,10160.00
S*HiWeb,20210510,10160.00,10160.00,10160.00,10470.00,675650160,66501,18,D,10470.00,10160.00
S*HiWeb,20210509,10160.00,10160.00,10160.00,10470.00,177109120,17432,13,D,10470.00,10160.00
S*HiWeb,20210508,10160.00,10160.00,10160.00,10470.00,400872960,39456,24,D,10470.00,10160.00
S*HiWeb,20210505,10160.00,10160.00,10160.00,10470.00,433720240,42689,19,D,10470.00,10160.00
S*HiWeb,20210503,10160.00,10160.00,10160.00,10470.00,117876320,11602,15,D,10470.00,10160.00
S*HiWeb,20210502,10200.00,10200.00,10200.00,10470.00,5509693200,540166,38,D,10510.00,10200.00
S*HiWeb,20210420,10300.00,10300.00,10300.00,10510.00,386095500,37485,30,D,10510.00,10300.00
S*HiWeb,20210419,10300.00,10300.00,10300.00,10510.00,251361200,24404,16,D,10510.00,10300.00
S*HiWeb,20210418,10300.00,10300.00,10300.00,10510.00,262547000,25490,14,D,10510.00,10300.00
S*HiWeb,20210417,10300.00,10300.00,10300.00,10510.00,178715300,17351,9,D,10510.00,10300.00
S*HiWeb,20210414,10110.00,10110.00,10110.00,10510.00,1896545010,187591,76,D,10530.00,10110.00
S*HiWeb,20210413,10330.00,10330.00,10330.00,10530.00,1574333320,152404,81,D,10540.00,10330.00
S*HiWeb,20210412,10330.00,10330.00,10330.00,10540.00,303619360,29392,26,D,10540.00,10330.00
S*HiWeb,20210411,10330.00,10330.00,10330.00,10540.00,647339780,62666,36,D,10540.00,10330.00
S*HiWeb,20210410,10330.00,10330.00,10330.00,10540.00,251401210,24337,20,D,10540.00,10330.00
S*HiWeb,20210407,10330.00,10330.00,10330.00,10540.00,766981840,74248,47,D,10540.00,10330.00
S*HiWeb,20210406,10340.00,10340.00,10340.00,10540.00,1194445780,115517,65,D,10550.00,10340.00
S*HiWeb,20210405,10350.00,10350.00,10350.00,10550.00,1691873100,163466,75,D,10560.00,10350.00
S*HiWeb,20210404,10360.00,10360.00,10360.00,10560.00,1594445440,153904,63,D,10570.00,10360.00
S*HiWeb,20210403,10370.00,10370.00,10370.00,10570.00,1931630270,186271,63,D,10580.00,10370.00
S*HiWeb,20210331,10380.00,10380.00,10380.00,10580.00,2197228020,211679,105,D,10590.00,10380.00
S*HiWeb,20210330,10420.00,10420.00,10420.00,10590.00,10132970680,972454,192,D,10630.00,10420.00
S*HiWeb,20210328,10800.00,10800.00,10510.00,10630.00,30193550010,2857756,736,D,10720.00,10510.00
S*HiWeb,20210327,10700.00,10980.00,10410.00,10720.00,62624030110,5842206,1747,D,10550.00,10750.00
S*HiWeb,20210317,10700.00,10990.00,10350.00,10550.00,136360941680,12923033,3088,D,10510.00,10690.00
S*HiWeb,20210316,10300.00,10560.00,10030.00,10510.00,304101080220,28934974,4384,D,9970.00,10560.00
S*HiWeb,20210315,9890.00,10150.00,9880.00,9970.00,65301090660,6549927,2142,D,10080.00,9880.00
S*HiWeb,20210314,10200.00,10340.00,9800.00,10080.00,116786566040,11589687,3209,D,9890.00,9990.00
S*HiWeb,20210313,9480.00,10080.00,9480.00,9890.00,135114487960,13660404,3928,D,9550.00,9990.00
S*HiWeb,20210310,9490.00,9840.00,9490.00,9550.00,116790204260,12226818,2579,D,9680.00,9650.00
S*HiWeb,20210309,9800.00,9910.00,9640.00,9680.00,221399831820,22879750,4457,D,9830.00,9640.00
S*HiWeb,20210308,9410.00,10170.00,9410.00,9830.00,377809963270,38451412,6605,D,9600.00,9700.00
S*HiWeb,20210307,9430.00,9430.00,9430.00,9600.00,4314225000,457500,164,D,9620.00,9430.00
S*HiWeb,20210306,9440.00,9440.00,9440.00,9620.00,1999137120,211773,106,D,9630.00,9440.00
S*HiWeb,20210303,9470.00,9470.00,9470.00,9630.00,8267575160,873028,226,D,9660.00,9470.00
S*HiWeb,20210302,9660.00,9660.00,9660.00,9660.00,76241463060,7892491,505,D,9850.00,9660.00
S*HiWeb,20210301,9730.00,9730.00,9730.00,9850.00,19205161570,1973809,261,D,9920.00,9730.00
S*HiWeb,20210228,10000.00,10190.00,9610.00,9920.00,201745637710,20340495,3739,D,9800.00,9610.00
S*HiWeb,20210227,9210.00,9950.00,9210.00,9800.00,401002080820,40932466,4444,D,9390.00,9950.00
S*HiWeb,20210224,9550.00,9550.00,9360.00,9390.00,114235603930,12171860,1729,D,10470.00,9390.00
S*HiWeb,20210216,21750.00,21750.00,21750.00,21830.00,38491910250,1769743,689,D,22190.00,21750.00
S*HiWeb,20210215,22170.00,22460.00,22170.00,22190.00,482076669870,21726254,3947,D,22620.00,22170.00
S*HiWeb,20210214,23000.00,23000.00,22540.00,22620.00,118952524790,5259242,770,D,22990.00,22540.00
S*HiWeb,20210131,24110.00,24470.00,22800.00,22990.00,517012571840,22484673,5711,D,23990.00,22800.00
S*HiWeb,20210130,23350.00,24750.00,23350.00,23990.00,448106929010,18682540,6699,D,24040.00,23800.00
S*HiWeb,20210127,23980.00,24800.00,23910.00,24040.00,216945897780,9025493,3266,D,25160.00,23910.00
S*HiWeb,20210126,24500.00,26530.00,24010.00,25160.00,487099748390,19358227,6228,D,25270.00,24010.00
S*HiWeb,20210125,25230.00,26000.00,25190.00,25270.00,374677768490,14825935,4463,D,26510.00,25190.00
S*HiWeb,20210124,28300.00,28300.00,26180.00,26510.00,593094296510,22370876,5627,D,27550.00,26180.00
S*HiWeb,20210123,27100.00,27880.00,26800.00,27550.00,1018348534630,36968774,6635,D,26560.00,27880.00
S*HiWeb,20210120,25800.00,26950.00,25670.00,26560.00,747421561920,28142997,6749,D,25670.00,26950.00
S*HiWeb,20210119,25540.00,26620.00,25540.00,25670.00,886259442320,34528909,7183,D,26880.00,25540.00
S*HiWeb,20210118,26820.00,26820.00,26820.00,26880.00,44090819460,1643953,177,D,28230.00,26820.00
S*HiWeb,20210116,27610.00,29500.00,27570.00,28230.00,221358422660,7841585,2070,D,29020.00,27570.00
S*HiWeb,20210113,29760.00,29760.00,27010.00,29020.00,1962579651910,67634575,14627,D,28350.00,27960.00
S*HiWeb,20210112,28350.00,28350.00,28350.00,28350.00,143833072950,5073477,1334,D,27000.00,28350.00
S*HiWeb,20210111,26750.00,27390.00,26090.00,27000.00,1002373594140,37124722,4775,D,26090.00,27390.00
S*HiWeb,20210110,25510.00,26750.00,25470.00,26090.00,520603781450,19957123,5541,D,25480.00,26750.00
S*HiWeb,20210109,26230.00,26730.00,25020.00,25480.00,382137082420,15000193,5389,D,26330.00,25270.00
S*HiWeb,20210106,27900.00,27900.00,26230.00,26330.00,600248101590,22794690,6349,D,27610.00,26240.00
S*HiWeb,20210105,27360.00,28270.00,26000.00,27610.00,675776583160,24475884,7634,D,26930.00,27900.00
S*HiWeb,20210104,26950.00,26970.00,25870.00,26930.00,538364244990,19988382,5348,D,25690.00,26970.00
S*HiWeb,20210103,25670.00,26130.00,25670.00,25690.00,305847106070,11905283,2208,D,27020.00,25670.00
S*HiWeb,20210102,27000.00,27700.00,26990.00,27020.00,363152650570,13439694,5309,D,28410.00,26990.00
S*HiWeb,20201230,28090.00,29000.00,27160.00,28410.00,871501201140,30673330,10968,D,27670.00,27740.00
S*HiWeb,20201229,27300.00,27770.00,26730.00,27670.00,1013904746170,36639136,10594,D,26450.00,27770.00
S*HiWeb,20201228,26600.00,27700.00,26220.00,26450.00,1129832345510,42723236,12563,D,27600.00,26530.00
S*HiWeb,20201227,27530.00,28300.00,27440.00,27600.00,659149100010,23881865,7444,D,28880.00,27440.00
S*HiWeb,20201226,29710.00,29710.00,28230.00,28880.00,469924579790,16271942,5016,D,29710.00,28230.00
S*HiWeb,20201222,29970.00,30610.00,29090.00,29710.00,663262045830,22324845,7992,D,30010.00,29710.00
S*HiWeb,20201221,29890.00,31100.00,29400.00,30010.00,498561212930,16612073,6490,D,30390.00,29500.00
S*HiWeb,20201220,31500.00,32100.00,30010.00,30390.00,704193369820,23168701,7005,D,31580.00,30010.00
S*HiWeb,20201219,30950.00,31750.00,30300.00,31580.00,929025557710,29414166,8507,D,30240.00,31110.00
S*HiWeb,20201216,30110.00,30930.00,30110.00,30240.00,975846397680,32274706,8487,D,31690.00,30500.00
S*HiWeb,20201215,31720.00,32200.00,31640.00,31690.00,121971095780,3848645,914,D,33300.00,31640.00
S*HiWeb,20201214,32500.00,33880.00,31470.00,33300.00,2490274745880,74773716,16619,D,32270.00,32200.00
S*HiWeb,20201213,31220.00,32960.00,30500.00,32270.00,1425029815830,44153066,10044,D,31420.00,32480.00
S*HiWeb,20201212,32290.00,32310.00,30200.00,31420.00,982198794690,31261627,10759,D,30820.00,31010.00
S*HiWeb,20201209,29600.00,31170.00,29510.00,30820.00,1345477644620,43661045,8429,D,29690.00,31170.00
S*HiWeb,20201208,30100.00,30770.00,29460.00,29690.00,855693926840,28817817,9522,D,31010.00,29460.00
S*HiWeb,20201207,30320.00,32770.00,29970.00,31010.00,1336837431210,43116590,11898,D,31540.00,29970.00
S*HiWeb,20201206,32730.00,32730.00,30100.00,31540.00,3065163339390,97188050,26188,D,31180.00,30400.00
S*HiWeb,20201205,31180.00,31180.00,31180.00,31180.00,136257660120,4370034,932,D,29700.00,31180.00
S*HiWeb,20201202,29700.00,29700.00,29700.00,29700.00,683099257500,22999975,1473,D,28290.00,29700.00
S*HiWeb,20201201,27800.00,28580.00,26650.00,28290.00,2014167403020,71198474,7273,D,27220.00,28580.00
S*HiWeb,20201130,28380.00,28380.00,26210.00,27220.00,1266922885230,46549358,11927,D,27470.00,27730.00
S*HiWeb,20201129,27470.00,27470.00,27470.00,27470.00,128407086560,4674448,752,D,26170.00,27470.00
S*HiWeb,20201128,26170.00,26170.00,26170.00,26170.00,81029281220,3096266,838,D,24930.00,26170.00
S*HiWeb,20201125,23900.00,25060.00,23760.00,24930.00,341554362750,13700161,2225,D,23870.00,25060.00
S*HiWeb,20201124,23550.00,24330.00,22500.00,23870.00,350914422580,14701661,4614,D,23180.00,23910.00
S*HiWeb,20201123,23200.00,23900.00,22500.00,23180.00,224519579280,9686896,3836,D,22840.00,23300.00
S*HiWeb,20201122,22440.00,23700.00,22440.00,22840.00,356762761100,15622410,4454,D,23620.00,23200.00
S*HiWeb,20201121,24590.00,24590.00,22860.00,23620.00,352049127600,14901593,4659,D,24060.00,22860.00
S*HiWeb,20201118,23100.00,24170.00,23100.00,24060.00,264344355880,10985214,2676,D,23020.00,24170.00
S*HiWeb,20201117,22250.00,23370.00,22130.00,23020.00,367054379470,15944488,4246,D,22260.00,23370.00
S*HiWeb,20201116,21120.00,22950.00,21120.00,22260.00,247098697050,11101595,3507,D,22230.00,22120.00
S*HiWeb,20201115,23290.00,23290.00,21100.00,22230.00,324776962230,14612681,4201,D,22190.00,21320.00
S*HiWeb,20201114,22140.00,22220.00,21710.00,22190.00,72577937590,3270780,745,D,21170.00,22220.00
S*HiWeb,20201111,20510.00,21710.00,20010.00,21170.00,254812919330,12036704,4342,D,20680.00,21710.00
S*HiWeb,20201110,21980.00,22440.00,20320.00,20680.00,262909531560,12711710,4272,D,21380.00,21040.00
S*HiWeb,20201109,20720.00,21750.00,20400.00,21380.00,261368173350,12227101,1768,D,22290.00,21750.00
S*HiWeb,20201107,21460.00,21460.00,21460.00,22290.00,12509785100,582935,224,D,22580.00,21460.00
S*HiWeb,20201104,20880.00,22870.00,20880.00,22580.00,193672816160,8577060,3271,D,21790.00,22870.00
S*HiWeb,20201102,21750.00,22500.00,21730.00,21790.00,162178769570,7443052,2386,D,22870.00,21730.00
S*HiWeb,20201101,23990.00,24190.00,22800.00,22870.00,190220397140,8318263,2184,D,23990.00,22800.00
S*HiWeb,20201031,22200.00,24250.00,22200.00,23990.00,440611888000,18366605,4214,D,23100.00,24250.00
S*HiWeb,20201028,22980.00,24080.00,22980.00,23100.00,452673022450,19599109,5407,D,24180.00,23100.00
S*HiWeb,20201027,24060.00,25250.00,24010.00,24180.00,134799110530,5574752,1266,D,25270.00,24010.00
S*HiWeb,20201026,25260.00,25650.00,25260.00,25270.00,396015040760,15668283,3039,D,26580.00,25260.00
S*HiWeb,20201024,26500.00,27800.00,26370.00,26580.00,83690388080,3149075,747,D,27750.00,26370.00
S*HiWeb,20201021,27800.00,29740.00,26950.00,27750.00,544351524210,19613642,6516,D,28360.00,28360.00
S*HiWeb,20201020,28210.00,29200.00,28210.00,28360.00,394479805690,13911189,4893,D,29690.00,28750.00
S*HiWeb,20201019,29680.00,30000.00,29680.00,29690.00,256650717320,8645617,2732,D,31240.00,29680.00
S*HiWeb,20201018,32560.00,32560.00,29460.00,31240.00,1176118363090,37650833,13513,D,31010.00,31260.00
S*HiWeb,20201014,31050.00,31060.00,28150.00,31010.00,839936971400,27088096,4042,D,29590.00,31060.00
S*HiWeb,20200913,29760.00,30790.00,29400.00,29590.00,108022230150,3650251,1790,D,30940.00,29400.00
S*HiWeb,20200912,30700.00,33000.00,30270.00,30940.00,1361068785730,43988484,12704,D,31860.00,30270.00
S*HiWeb,20200909,31150.00,31150.00,31150.00,31860.00,28172464950,904413,511,D,32780.00,31150.00
S*HiWeb,20200908,31240.00,31240.00,31240.00,32780.00,2987012600,95615,83,D,32880.00,31240.00
S*HiWeb,20200907,31350.00,31350.00,31350.00,32880.00,3741152250,119335,155,D,33000.00,31350.00
S*HiWeb,20200906,33150.00,34580.00,32910.00,33000.00,719429348770,21802436,5334,D,34640.00,32910.00
S*HiWeb,20200905,34580.00,35890.00,34580.00,34640.00,283491927770,8184195,2419,D,36390.00,34580.00
S*HiWeb,20200902,34730.00,34730.00,34730.00,36390.00,4739116880,136456,190,D,36550.00,34730.00
S*HiWeb,20200901,35110.00,35110.00,35110.00,36550.00,12245981790,348789,315,D,36950.00,35110.00
S*HiWeb,20200831,38300.00,38400.00,36360.00,36950.00,680761436050,18421886,5597,D,38270.00,36360.00
S*HiWeb,20200826,38280.00,38280.00,37500.00,38270.00,1154645494930,30168968,8745,D,36460.00,38280.00
S*HiWeb,20200825,37230.00,37230.00,35500.00,36460.00,388723150720,10662199,3190,D,34410.00,36280.00
S*HiWeb,20200818,34720.00,34720.00,33440.00,34460.00,631755331590,18333387,7864,D,33070.00,34000.00
S*HiWeb,20200817,31500.00,33480.00,30700.00,33070.00,688043024540,20806375,7760,D,31890.00,33480.00
S*HiWeb,20200816,32560.00,34580.00,31500.00,31890.00,517434689300,16227733,6885,D,33150.00,31500.00
S*HiWeb,20200815,34790.00,34790.00,32980.00,33150.00,159941544510,4825256,2907,D,34710.00,32980.00
S*HiWeb,20200812,36070.00,36180.00,32740.00,34710.00,894171458800,25758603,9361,D,34460.00,34100.00
S*HiWeb,20200811,34400.00,35720.00,34400.00,34460.00,810817313280,23530124,8704,D,36210.00,34400.00
S*HiWeb,20200810,37150.00,37500.00,36080.00,36210.00,803746915060,22194849,8198,D,37970.00,36080.00
S*HiWeb,20200809,39100.00,40990.00,37150.00,37970.00,1005108596720,26472748,13426,D,38620.00,37150.00
S*HiWeb,20200805,38900.00,40300.00,38500.00,38620.00,898004169920,23254128,10802,D,40520.00,38510.00
S*HiWeb,20200804,40440.00,42390.00,40440.00,40520.00,577965384630,14264196,7883,D,42560.00,40440.00
S*HiWeb,20200803,43700.00,43700.00,40500.00,42560.00,780182669710,18332798,12863,D,41850.00,41490.00
S*HiWeb,20200802,37890.00,41870.00,37890.00,41850.00,220006784800,5256901,2616,D,39880.00,41870.00
S*HiWeb,20200801,37500.00,41370.00,37500.00,39880.00,1915057058920,48019544,18924,D,39400.00,41370.00
S*HiWeb,20200729,39400.00,39400.00,39400.00,39400.00,142689227600,3621554,3286,D,41470.00,39400.00
S*HiWeb,20200728,42760.00,42760.00,41160.00,41470.00,819188922880,19753307,14373,D,43320.00,41160.00
S*HiWeb,20200727,43500.00,45670.00,41340.00,43320.00,1568857777060,36215229,21411,D,40880.00,42700.00
S*HiWeb,20200725,40880.00,40880.00,40600.00,40880.00,1144028936330,27987542,10841,D,38940.00,40880.00
S*HiWeb,20200722,38500.00,39000.00,38500.00,38940.00,586091014390,15049493,4322,D,37150.00,39000.00
S*HiWeb,20200721,36760.00,37810.00,35010.00,37150.00,1452957773520,39105352,14000,D,36010.00,36980.00
S*HiWeb,20200720,34640.00,36540.00,33500.00,36010.00,1825740353020,50697499,16751,D,34800.00,36250.00
S*HiWeb,20200719,35180.00,35180.00,33000.00,34800.00,1412074063420,40580616,16395,D,33510.00,33830.00
S*HiWeb,20200718,33510.00,33510.00,33510.00,33510.00,297762387270,8885777,3616,D,31920.00,33510.00
S*HiWeb,20200715,31990.00,31990.00,31200.00,31920.00,797017915480,24972762,7912,D,30470.00,31990.00
S*HiWeb,20200714,30510.00,30510.00,29750.00,30470.00,1075064608370,35278706,12698,D,29060.00,30510.00
S*HiWeb,20200713,28500.00,29780.00,27790.00,29060.00,991000165180,34103489,12596,D,28370.00,29780.00
S*HiWeb,20200712,28420.00,28420.00,27470.00,28370.00,523377984130,18448527,6472,D,27070.00,28370.00
S*HiWeb,20200711,25550.00,28230.00,25550.00,27070.00,1078228189520,39827648,13838,D,26890.00,28230.00
S*HiWeb,20200708,27210.00,27500.00,26740.00,26890.00,504359817500,18756648,10038,D,28140.00,26740.00
S*HiWeb,20200707,29400.00,29400.00,27770.00,28140.00,1136989319340,40401432,16744,D,29230.00,27770.00
S*HiWeb,20200706,29300.00,29300.00,28700.00,29230.00,1501126487910,51348751,17007,D,27910.00,29300.00
S*HiWeb,20200705,26610.00,29050.00,26600.00,27910.00,953087786230,34151634,14295,D,27750.00,27910.00
S*HiWeb,20200704,29840.00,29840.00,27130.00,27750.00,958328693850,34539500,13331,D,28550.00,27130.00
S*HiWeb,20200701,28710.00,28710.00,27570.00,28550.00,982710471520,34423656,14260,D,27350.00,28700.00
S*HiWeb,20200630,27170.00,27420.00,27100.00,27350.00,301080672920,11007633,5396,D,26120.00,27420.00
S*HiWeb,20200629,26000.00,26500.00,26000.00,26120.00,1009559933980,38656719,14762,D,27360.00,26230.00
S*HiWeb,20200628,28400.00,28440.00,27210.00,27360.00,921067227070,33663431,11161,D,28640.00,27210.00
S*HiWeb,20200627,28570.00,29510.00,27850.00,28640.00,854443955430,29836815,12871,D,28780.00,28000.00
S*HiWeb,20200624,28500.00,29560.00,27910.00,28780.00,1097016468850,38112181,12295,D,29250.00,28510.00
S*HiWeb,20200623,29500.00,31000.00,28170.00,29250.00,1518299291470,51900153,23753,D,29650.00,28170.00
S*HiWeb,20200622,29700.00,29700.00,28800.00,29650.00,1048820690510,35367826,11438,D,28290.00,29700.00
S*HiWeb,20200621,28400.00,28570.00,27250.00,28290.00,653308844990,23090339,8600,D,27210.00,28570.00
S*HiWeb,20200620,27210.00,27210.00,27210.00,27210.00,354141496830,13015123,5244,D,25920.00,27210.00
S*HiWeb,20200616,25050.00,26300.00,24450.00,25920.00,717747008350,27688151,10525,D,25050.00,26300.00
S*HiWeb,20200615,26000.00,26800.00,24500.00,25050.00,893040234370,35643354,13982,D,25780.00,24850.00
S*HiWeb,20200614,26900.00,26900.00,25600.00,25780.00,841035172710,32628074,11684,D,26940.00,26110.00
S*HiWeb,20200613,27000.00,27600.00,26330.00,26940.00,570695578380,21182007,8536,D,26331.00,26680.00
S*HiWeb,20200610,25800.00,26452.00,25123.00,26331.00,881617905413,33481757,11188,D,25193.00,26452.00
S*HiWeb,20200609,25550.00,26350.00,24870.00,25193.00,932743411117,37023813,12179,D,26178.00,25198.00
S*HiWeb,20200608,28686.00,28686.00,25954.00,26178.00,694324683371,26523245,11171,D,27320.00,25954.00
S*HiWeb,20200607,27800.00,28000.00,26110.00,27320.00,1311463191724,48004245,24268,D,26848.00,26200.00
S*HiWeb,20200606,26299.00,27613.00,25100.00,26848.00,1023523121850,38123524,11805,D,23637.00,27335.00
S*HiWeb,20200602,23653.00,23653.00,22890.00,23637.00,343094857902,14515069,3186,D,22527.00,23653.00
S*HiWeb,20200601,22300.00,22672.00,21590.00,22527.00,436728326956,19387015,6164,D,21593.00,22672.00
S*HiWeb,20200531,22150.00,22150.00,20400.00,21593.00,634893712048,29402401,8350,D,21096.00,21599.00
S*HiWeb,20200530,21096.00,21096.00,21096.00,21096.00,140472167256,6658711,751,D,20092.00,21096.00
S*HiWeb,20200527,18800.00,20606.00,18800.00,20092.00,460625272325,22925723,6452,D,19625.00,20606.00
S*HiWeb,20200526,19693.00,20469.00,19451.00,19625.00,161230000000,8215472,3082,D,20440.00,19451.00
S*HiWeb,20200523,21300.00,21300.00,20406.00,20474.00,381323224599,18624480,4305,D,21480.00,20469.00
S*HiWeb,20200520,22062.00,22480.00,20959.00,21480.00,718653001045,33456610,9890,D,23223.00,21900.00
S*HiWeb,20200519,23830.00,23830.00,22022.00,23223.00,843057822252,36302389,11508,D,22696.00,22293.00
S*HiWeb,20200518,22714.00,22714.00,22004.00,22696.00,563857413307,24844055,4821,D,21633.00,22714.00
S*HiWeb,20200517,21261.00,21715.00,20501.00,21633.00,906098467221,41885528,8893,D,20681.00,21715.00
S*HiWeb,20200516,20050.00,21132.00,19706.00,20681.00,1173528811674,56743609,13618,D,20126.00,21132.00
S*HiWeb,20200513,19823.00,21499.00,19823.00,20126.00,1624595333611,80719741,19566,D,20866.00,19835.00
S*HiWeb,20200512,20866.00,20866.00,20866.00,20866.00,196022882688,9394368,1519,D,21964.00,20866.00
S*HiWeb,20200511,21964.00,21964.00,21964.00,21964.00,221755638372,10096323,2014,D,23119.00,21964.00
S*HiWeb,20200510,24300.00,24300.00,22764.00,23119.00,628230083493,27173177,9788,D,23962.00,22764.00
S*HiWeb,20200509,23300.00,24405.00,23202.00,23962.00,1260627973204,52609379,14236,D,23243.00,23800.00
S*HiWeb,20200506,23243.00,23243.00,23243.00,23243.00,303636906155,13063585,2816,D,24466.00,23243.00
S*HiWeb,20200505,25000.00,25555.00,23585.00,24466.00,486944530878,19902649,6126,D,24826.00,23585.00
S*HiWeb,20200504,23700.00,24885.00,23700.00,24826.00,662501519331,26686084,3807,D,24515.00,24885.00
S*HiWeb,20200503,24524.00,24524.00,24221.00,24515.00,1517043397238,61881739,13241,D,23357.00,24524.00
S*HiWeb,20200502,23300.00,23424.00,22800.00,23357.00,675748456651,28930996,7163,D,22309.00,23424.00
S*HiWeb,20200429,21580.00,22513.00,21300.00,22309.00,940060161177,42138947,12047,D,21441.00,22497.00
S*HiWeb,20200428,21890.00,22009.00,20994.00,21441.00,949851666635,44301747,13838,D,21909.00,21140.00
S*HiWeb,20200427,21700.00,22498.00,21000.00,21909.00,853947807162,38977851,12507,D,21564.00,21889.00
S*HiWeb,20200426,21835.00,21835.00,19990.00,21564.00,2049597876700,95046827,18674,D,20796.00,21835.00
S*HiWeb,20200425,20796.00,20796.00,20796.00,20796.00,124914064644,6006639,1091,D,19806.00,20796.00
S*HiWeb,20200422,19000.00,20178.00,18700.00,19806.00,648862597681,32760933,5317,D,19218.00,20178.00
S*HiWeb,20200421,19898.00,19899.00,18800.00,19218.00,844249456105,43929050,12830,D,19542.00,19019.00
S*HiWeb,20200420,18902.00,20200.00,18800.00,19542.00,1316436841791,67365276,16189,D,19359.00,19192.00
S*HiWeb,20200419,19817.00,19817.00,18200.00,19359.00,2060637394944,106442247,23334,D,18874.00,18355.00
S*HiWeb,20200418,18874.00,18874.00,18874.00,18874.00,59356219758,3144867,796,D,17976.00,18874.00
S*HiWeb,20200415,17976.00,17976.00,17976.00,17976.00,85770902112,4771412,1606,D,17120.00,17976.00
S*HiWeb,20200414,16400.00,17557.00,16011.00,17120.00,504999517132,29497671,7748,D,16721.00,17557.00
S*HiWeb,20200413,17100.00,17251.00,16460.00,16721.00,1168721223643,69893784,16346,D,17326.00,16910.00
S*HiWeb,20200412,17700.00,18499.00,16815.00,17326.00,1443970368687,83340043,13774,D,15505.00,16815.00
S*HiWeb,20200408,15507.00,15507.00,15168.00,15505.00,209559155567,13515830,1079,D,14769.00,15211.00
S*HiWeb,20200407,14800.00,15168.00,13901.00,14769.00,1579661755373,106955293,17853,D,14446.00,15168.00
S*HiWeb,20200406,14848.00,14937.00,13851.00,14446.00,2012806333198,139337214,26880,D,14226.00,14255.00
S*HiWeb,20200405,14226.00,14226.00,14226.00,14226.00,68634688470,4824595,1020,D,13549.00,14226.00
S*HiWeb,20200404,13615.00,13615.00,13615.00,13549.00,47139949710,3462354,977,D,12967.00,13615.00
S*HiWeb,20200330,12967.00,12967.00,12967.00,12967.00,174436440912,13452336,1491,D,12350.00,12967.00
S*HiWeb,20200329,12350.00,12350.00,12350.00,12350.00,119531092850,9678631,1409,D,11762.00,12350.00
S*HiWeb,20200328,11762.00,11762.00,11762.00,11762.00,98530779766,8377043,857,D,11202.00,11762.00
S*HiWeb,20200325,11202.00,11202.00,11202.00,11202.00,84091576872,7506836,1040,D,10669.00,11202.00
S*HiWeb,20200324,10451.00,10689.00,10451.00,10669.00,129413238028,12130317,1972,D,10180.00,10689.00
S*HiWeb,20200318,10145.00,10288.00,10080.00,10180.00,197419879318,19393613,6151,D,10080.00,10279.00
S*HiWeb,20200317,10198.00,10280.00,9693.00,10080.00,254878536026,25284387,5982,D,9953.00,10079.00
S*HiWeb,20200316,9710.00,9963.00,9710.00,9953.00,258298194418,25951939,4642,D,9489.00,9963.00
S*HiWeb,20200315,9545.00,9798.00,9343.00,9489.00,246866511784,26016515,7351,D,9834.00,9525.00
S*HiWeb,20200314,10300.00,10300.00,9780.00,9834.00,139297719039,14164987,3478,D,10294.00,9780.00
S*HiWeb,20200311,10250.00,10399.00,10170.00,10294.00,176143008659,17111138,6440,D,9965.00,10250.00
S*HiWeb,20200310,9830.00,10350.00,9815.00,9965.00,298085925807,29912407,9387,D,10331.00,9826.00
S*HiWeb,20200309,10345.00,10550.00,10303.00,10331.00,137874307424,13346228,2731,D,10845.00,10303.00
S*HiWeb,20200307,10900.00,11374.00,10605.00,10845.00,433869799737,40005412,10580,D,11163.00,10605.00
S*HiWeb,20200304,11211.00,11211.00,10840.00,11163.00,538205087045,48215111,7829,D,10678.00,11211.00
S*HiWeb,20200303,10434.00,10869.00,10280.00,10678.00,632014138086,59186056,12531,D,10352.00,10869.00
S*HiWeb,20200302,10490.00,10500.00,10262.00,10352.00,361117197431,34885127,10218,D,10170.00,10290.00
S*HiWeb,20200301,10000.00,10210.00,9888.00,10170.00,312873251993,30763601,6275,D,9724.00,10210.00
S*HiWeb,20200229,9849.00,9950.00,9604.00,9724.00,398076848350,40938578,11597,D,10109.00,9876.00
S*HiWeb,20200226,10285.00,10285.00,9982.00,10109.00,494182547056,48883631,12764,D,10198.00,10000.00
S*HiWeb,20200225,10300.00,10396.00,10010.00,10198.00,483098458504,47371638,12662,D,10174.00,10190.00
S*HiWeb,20200224,10306.00,10480.00,10001.00,10174.00,417837581262,41069927,12105,D,10375.00,10110.00
S*HiWeb,20200223,10447.00,10661.00,10195.00,10375.00,544886039032,52517418,14669,D,10296.00,10229.00
S*HiWeb,20200222,9713.00,10555.00,9713.00,10296.00,400727847852,38922225,9160,D,10154.00,10377.00
S*HiWeb,20200219,9929.00,10190.00,9880.00,10154.00,333498657445,32844397,7494,D,9705.00,10190.00
S*HiWeb,20200218,9910.00,9941.00,9517.00,9705.00,626789383489,64582623,12129,D,10017.00,9830.00
S*HiWeb,20200217,10220.00,10300.00,9870.00,10017.00,702432393932,70121743,17936,D,10389.00,9890.00
S*HiWeb,20200216,10641.00,10641.00,10109.00,10389.00,762508514954,73395737,16902,D,11201.00,10322.00
S*HiWeb,20200215,11590.00,11590.00,10802.00,11201.00,845080852120,75446699,17204,D,11148.00,11010.00
S*HiWeb,20200212,11149.00,11149.00,10934.00,11148.00,994312659124,89189568,8876,D,10619.00,11149.00
S*HiWeb,20200210,10390.00,10666.00,10250.00,10619.00,1284310034177,120944824,14752,D,10159.00,10666.00
S*HiWeb,20200209,10008.00,10299.00,9918.00,10159.00,531432754122,52310354,7896,D,10005.00,10240.00
S*HiWeb,20200208,10150.00,10350.00,9830.00,10005.00,396121251387,39592069,10415,D,10097.00,9913.00
S*HiWeb,20200205,10001.00,10339.00,9999.00,10097.00,310338367954,30735157,8415,D,10071.00,10069.00
S*HiWeb,20200204,10499.00,10499.00,9873.00,10071.00,402977697415,40012468,9457,D,10392.00,10027.00
S*HiWeb,20200203,10401.00,10600.00,10200.00,10392.00,382693320184,36827328,8943,D,10265.00,10353.00
S*HiWeb,20200202,10101.00,10480.00,9951.00,10265.00,412809694967,40214511,9299,D,10208.00,10245.00
S*HiWeb,20200201,10298.00,10526.00,10000.00,10208.00,350736491544,34359083,8936,D,10166.00,10087.00
S*HiWeb,20200128,10112.00,10540.00,9999.00,10166.00,440727187472,43354394,10365,D,10264.00,10020.00
S*HiWeb,20200127,10400.00,10499.00,10111.00,10264.00,363363534642,35402376,9066,D,10643.00,10112.00
S*HiWeb,20200126,10978.00,11205.00,10350.00,10643.00,643900353715,60502396,13452,D,10882.00,10388.00
S*HiWeb,20200125,10798.00,11284.00,10700.00,10882.00,520686823491,47846714,10775,D,10284.00,10800.00
S*HiWeb,20200122,10100.00,10588.00,9901.00,10284.00,494492120570,48085422,9523,D,10287.00,10300.00
S*HiWeb,20200121,10325.00,10328.00,10000.00,10287.00,1646532945995,160067154,17978,D,9837.00,10140.00
S*HiWeb,20200120,9301.00,9872.00,9250.00,9837.00,1914128181666,194584502,12211,D,9402.00,9872.00
S*HiWeb,20200119,9332.00,9612.00,9100.00,9402.00,260267590626,27683520,5780,D,9438.00,9257.00
S*HiWeb,20200118,9260.00,9640.00,9220.00,9438.00,279769086667,29644264,6710,D,9193.00,9320.00
S*HiWeb,20200115,9120.00,9328.00,8952.00,9193.00,215017786348,23388539,4416,D,9061.00,9120.00
S*HiWeb,20200114,9290.00,9290.00,8856.00,9061.00,246000621394,27150844,5029,D,9224.00,9091.00
S*HiWeb,20200113,9201.00,9400.00,9088.00,9224.00,275133165507,29826503,5939,D,9086.00,9200.00
S*HiWeb,20200112,8683.00,9117.00,8683.00,9086.00,286183064197,31496299,2728,D,8270.00,9117.00
S*HiWeb,20200107,8350.00,8632.00,8201.00,8270.00,244122168928,29520567,3982,D,8632.00,8201.00
S*HiWeb,20200105,8621.00,8850.00,8621.00,8632.00,251312950250,29112516,4061,D,9074.00,8621.00
S*HiWeb,20200104,9074.00,9074.00,9074.00,9074.00,50736735634,5591441,511,D,9551.00,9074.00
S*HiWeb,20200101,9521.00,9799.00,9378.00,9551.00,308076818990,32256144,6110,D,9560.00,9550.00
S*HiWeb,20191231,9800.00,9849.00,9225.00,9560.00,424102680415,44359982,9404,D,9513.00,9500.00
S*HiWeb,20191230,9202.00,9553.00,9202.00,9513.00,209678828649,22041433,2550,D,9099.00,9553.00
S*HiWeb,20191229,9149.00,9200.00,8900.00,9099.00,375720400206,41293492,7239,D,8995.00,9148.00
S*HiWeb,20191228,8860.00,9089.00,8860.00,8995.00,283140966867,31478534,6871,D,8798.00,9050.00
S*HiWeb,20191225,8947.00,8947.00,8687.00,8798.00,252360555497,28683448,5198,D,8791.00,8825.00
S*HiWeb,20191224,8850.00,8990.00,8620.00,8791.00,282985967346,32192073,4707,D,8784.00,8822.00
S*HiWeb,20191223,8950.00,9100.00,8558.00,8784.00,277670317987,31610287,6776,D,9008.00,8799.00
S*HiWeb,20191222,9210.00,9284.00,8892.00,9008.00,230889606021,25631036,5508,D,9076.00,8950.00
S*HiWeb,20191221,8801.00,9285.00,8740.00,9076.00,422906575871,46593974,8904,D,8843.00,9126.00
S*HiWeb,20191218,8880.00,9056.00,8720.00,8843.00,172607199246,19518386,4684,D,8911.00,8768.00
S*HiWeb,20191217,9089.00,9089.00,8795.00,8911.00,161243473153,18095638,4051,D,9017.00,8887.00
S*HiWeb,20191216,9092.00,9101.00,8900.00,9017.00,121970499336,13526388,3500,D,8996.00,8931.00
S*HiWeb,20191215,8997.00,9150.00,8843.00,8996.00,181897219757,20219675,4934,D,8856.00,9011.00
S*HiWeb,20191214,8990.00,8990.00,8761.00,8856.00,190370928577,21495341,5049,D,8936.00,8900.00
S*HiWeb,20191211,8801.00,9100.00,8740.00,8936.00,113496959419,12701330,3246,D,8963.00,8897.00
S*HiWeb,20191210,8901.00,9201.00,8712.00,8963.00,192611086348,21490526,4571,D,8933.00,8718.00
S*HiWeb,20191209,9087.00,9087.00,8851.00,8933.00,124018128725,13882526,3957,D,9089.00,8900.00
S*HiWeb,20191208,9000.00,9255.00,8901.00,9089.00,159916328026,17594802,4128,D,9104.00,8999.00
S*HiWeb,20191207,9190.00,9268.00,8958.00,9104.00,183026724192,20103232,4898,D,8835.00,9000.00
S*HiWeb,20191204,8600.00,8950.00,8600.00,8835.00,257552235329,29150248,3995,D,8683.00,8925.00
S*HiWeb,20191203,8717.00,8850.00,8565.00,8683.00,114453764418,13180707,3504,D,8827.00,8590.00
S*HiWeb,20191202,8987.00,9150.00,8561.00,8827.00,130497019516,14784169,4032,D,8804.00,8720.00
S*HiWeb,20191201,8699.00,8988.00,8530.00,8804.00,147206833027,16720833,4547,D,8691.00,8934.00
S*HiWeb,20191130,8870.00,8904.00,8521.00,8691.00,206652203048,23776627,5811,D,8603.00,8635.00
S*HiWeb,20191127,8389.00,8655.00,8350.00,8603.00,271336199328,31541326,4294,D,8243.00,8655.00
S*HiWeb,20191126,8000.00,8270.00,7985.00,8243.00,287094822616,34829387,3300,D,7877.00,8270.00
S*HiWeb,20191125,7800.00,7955.00,7755.00,7877.00,77041181646,9780412,2236,D,7782.00,7890.00
S*HiWeb,20191124,7899.00,7930.00,7700.00,7782.00,80833893329,10386911,2308,D,7937.00,7737.00
S*HiWeb,20191123,8033.00,8100.00,7790.00,7937.00,34306173200,4322567,1527,D,8012.00,7851.00
S*HiWeb,20191120,7935.00,8100.00,7900.00,8012.00,65031725600,8116376,1506,D,7862.00,8033.00
S*HiWeb,20191119,7672.00,7919.00,7672.00,7862.00,81371501433,10349706,1492,D,7558.00,7860.00
S*HiWeb,20191118,7290.00,7797.00,7290.00,7558.00,96934239861,12824790,2167,D,7584.00,7790.00
S*HiWeb,20191117,7577.00,7780.00,7577.00,7584.00,116945397417,15419443,1887,D,7975.00,7577.00
S*HiWeb,20191116,8160.00,8230.00,7750.00,7975.00,62385058449,7822703,2214,D,8149.00,7800.00
S*HiWeb,20191113,8180.00,8250.00,8001.00,8149.00,67081481476,8231930,2073,D,8082.00,8141.00
S*HiWeb,20191112,7980.00,8180.00,7930.00,8082.00,68546864695,8481586,2130,D,7797.00,8050.00
S*HiWeb,20191111,7899.00,7942.00,7660.00,7797.00,53263145710,6831489,1980,D,7911.00,7930.00
S*HiWeb,20191110,7920.00,8025.00,7759.00,7911.00,39418830219,4982488,1473,D,8045.00,7900.00
S*HiWeb,20191109,8002.00,8249.00,7930.00,8045.00,79504332335,9882695,2103,D,8065.00,7971.00
S*HiWeb,20191105,8210.00,8291.00,7950.00,8065.00,86328158231,10703781,2420,D,8336.00,8000.00
S*HiWeb,20191104,8530.00,8590.00,8096.00,8336.00,57447128913,6891470,1632,D,8454.00,8194.00
S*HiWeb,20191103,8339.00,8620.00,8220.00,8454.00,106235989697,12566166,2427,D,8250.00,8381.00
S*HiWeb,20191102,8490.00,8490.00,8112.00,8250.00,59949377086,7266269,2503,D,8468.00,8244.00
S*HiWeb,20191030,8399.00,8600.00,8360.00,8468.00,63702049044,7522400,2656,D,8357.00,8420.00
S*HiWeb,20191028,8400.00,8443.00,8201.00,8357.00,53106036021,6354686,2112,D,8161.00,8397.00
S*HiWeb,20191026,7934.00,8284.00,7800.00,8161.00,150200184648,18404289,2793,D,7890.00,8275.00
S*HiWeb,20191023,8020.00,8099.00,7650.00,7890.00,77105711599,9772420,2469,D,7831.00,7800.00
S*HiWeb,20191022,7863.00,7863.00,7655.00,7831.00,138631078561,17702229,3285,D,7489.00,7863.00
S*HiWeb,20191021,7230.00,7721.00,7040.00,7489.00,151058819057,20171290,3105,D,7354.00,7721.00
S*HiWeb,20191020,7501.00,7755.00,7266.00,7354.00,106772161765,14519847,2438,D,7648.00,7266.00
S*HiWeb,20191016,7730.00,8048.00,7572.00,7648.00,200034725463,26154346,4065,D,7970.00,7572.00
S*HiWeb,20191015,8350.00,8400.00,7866.00,7970.00,73489298337,9221143,1358,D,8280.00,7866.00
S*HiWeb,20191014,8460.00,8598.00,8200.00,8280.00,87535594789,10571988,2775,D,8631.00,8231.00
S*HiWeb,20191013,8926.00,8970.00,8412.00,8631.00,87421084274,10128917,2879,D,8849.00,8460.00
S*HiWeb,20191012,8850.00,8990.00,8730.00,8849.00,87638943924,9903691,3193,D,8570.00,8774.00
S*HiWeb,20191009,8700.00,8750.00,8461.00,8570.00,202484308406,23627790,4470,D,8906.00,8688.00
S*HiWeb,20191008,9290.00,9400.00,8813.00,8906.00,140406344835,15765431,3216,D,9276.00,8813.00
S*HiWeb,20191007,9280.00,9559.00,8932.00,9276.00,278819015718,30058304,5439,D,9387.00,9148.00
S*HiWeb,20191006,9790.00,9790.00,9380.00,9387.00,204702181210,21806457,3092,D,9873.00,9380.00
S*HiWeb,20191005,9870.00,10000.00,9594.00,9873.00,248343593281,25154423,4062,D,9667.00,9700.00
S*HiWeb,20191002,9710.00,9978.00,9528.00,9667.00,345348483693,35726227,5224,D,10029.00,9660.00
S*HiWeb,20191001,10200.00,10249.00,9719.00,10029.00,402952458503,40178559,6316,D,10230.00,9719.00
S*HiWeb,20190930,10650.00,10650.00,10050.00,10230.00,539742753797,52761543,7438,D,10383.00,10130.00
S*HiWeb,20190929,10615.00,10650.00,10050.00,10383.00,340631158082,32805716,5631,D,10470.00,10448.00
S*HiWeb,20190928,10492.00,10495.00,10105.00,10470.00,592570344918,56595789,6889,D,9996.00,10490.00
S*HiWeb,20190925,9990.00,10007.00,9720.00,9996.00,539885284743,54009503,3815,D,9531.00,10007.00
S*HiWeb,20190924,9200.00,9556.00,9200.00,9531.00,396733646567,41623618,3874,D,9101.00,9556.00
S*HiWeb,20190923,9080.00,9170.00,8940.00,9101.00,150666357190,16554896,3074,D,9051.00,9082.00
S*HiWeb,20190922,9200.00,9298.00,8920.00,9051.00,128508375132,14198668,3398,D,9115.00,9039.00
S*HiWeb,20190921,8900.00,9250.00,8900.00,9115.00,104281122347,11440839,3118,D,9122.00,9070.00
S*HiWeb,20190918,9400.00,9477.00,9086.00,9122.00,176973404681,19399674,2696,D,9564.00,9086.00
S*HiWeb,20190917,9899.00,9980.00,9410.00,9564.00,256462154304,26816218,3052,D,9564.00,9535.00
S*HiWeb,20190916,9450.00,9583.00,9349.00,9564.00,347663930997,36351005,3532,D,9127.00,9583.00
S*HiWeb,20190915,9000.00,9348.00,8702.00,9127.00,157461738620,17251518,3002,D,9159.00,9190.00
S*HiWeb,20190914,9140.00,9300.00,9051.00,9159.00,121542373409,13270850,2586,D,9072.00,9067.00
S*HiWeb,20190911,9259.00,9300.00,8971.00,9072.00,72608194066,8003133,1908,D,9091.00,9150.00
S*HiWeb,20190908,9100.00,9300.00,8900.00,9091.00,111686294209,12285824,2425,D,9027.00,9200.00
S*HiWeb,20190907,8990.00,9174.00,8770.00,9027.00,149766472209,16590224,3515,D,8739.00,9101.00
S*HiWeb,20190904,8588.00,8771.00,8578.00,8739.00,35142627695,4021253,851,D,8354.00,8771.00
S*HiWeb,20190903,8568.00,8568.00,8122.00,8354.00,83503993512,9995202,2855,D,8549.00,8469.00
S*HiWeb,20190902,8890.00,8890.00,8250.00,8549.00,83030374708,9712731,2597,D,8669.00,8567.00
S*HiWeb,20190901,8750.00,8787.00,8500.00,8669.00,79084681342,9122635,2105,D,8722.00,8600.00
S*HiWeb,20190831,8820.00,9090.00,8480.00,8722.00,119864519137,13743549,3328,D,8808.00,8600.00
S*HiWeb,20190828,8800.00,9060.00,8700.00,8808.00,110264988502,12518154,2434,D,9136.00,8780.00
S*HiWeb,20190827,9200.00,9390.00,8872.00,9136.00,155911318708,17066208,2443,D,9164.00,8988.00
S*HiWeb,20190826,9339.00,9339.00,9000.00,9164.00,141244619285,15412784,2885,D,9260.00,9080.00
S*HiWeb,20190825,9569.00,9599.00,9175.00,9260.00,151209138851,16329998,2233,D,9657.00,9270.00
S*HiWeb,20190824,9780.00,9990.00,9506.00,9657.00,124618258740,12903783,2655,D,9601.00,9524.00
S*HiWeb,20190821,9271.00,9631.00,9271.00,9601.00,150995663809,15726394,2599,D,9173.00,9631.00
S*HiWeb,20190819,8948.00,9469.00,8804.00,9173.00,140158227814,15278904,2172,D,9065.00,9340.00
S*HiWeb,20190818,8900.00,9123.00,8852.00,9065.00,280603976160,30954642,3403,D,8689.00,8948.00
S*HiWeb,20190817,8700.00,8977.00,8501.00,8689.00,166368382573,19146471,2755,D,8738.00,8813.00
S*HiWeb,20190814,8987.00,8987.00,8641.00,8738.00,119345821332,13658163,2514,D,8922.00,8650.00
S*HiWeb,20190813,8821.00,9180.00,8802.00,8922.00,122784811841,13761541,2089,D,8856.00,8810.00
S*HiWeb,20190811,8899.00,8998.00,8762.00,8856.00,206972159707,23369659,2666,D,8999.00,8919.00
S*HiWeb,20190810,9074.00,9330.00,8700.00,8999.00,155659129140,17298168,3098,D,9019.00,8801.00
S*HiWeb,20190807,8930.00,9074.00,8770.00,9019.00,308046717553,34155604,4496,D,8642.00,9074.00
S*HiWeb,20190806,8654.00,8655.00,8460.00,8642.00,436789610438,50544331,3028,D,8243.00,8655.00
S*HiWeb,20190805,7900.00,8417.00,7879.00,8243.00,227424110824,27589532,3302,D,8017.00,8417.00
S*HiWeb,20190804,8200.00,8200.00,7822.00,8017.00,279636991691,34879037,5600,D,8071.00,7920.00
S*HiWeb,20190803,8100.00,8296.00,7801.00,8071.00,782649078087,96972363,9662,D,6913.00,8150.00
S*HiWeb,20190611,6750.00,7080.00,6630.00,6933.00,231388570886,33374177,2824,D,6808.00,7080.00
S*HiWeb,20190610,6930.00,7010.00,6620.00,6808.00,161058982650,23656238,3095,D,6746.00,6702.00
S*HiWeb,20190609,6444.00,6791.00,6425.00,6746.00,200157508341,29672331,3562,D,6530.00,6791.00
S*HiWeb,20190608,6501.00,6596.00,6372.00,6530.00,195235284589,29897736,3539,D,6343.00,6397.00
S*HiWeb,20190603,6193.00,6423.00,6190.00,6343.00,153477048764,24195706,2063,D,6176.00,6423.00
S*HiWeb,20190602,6112.00,6197.00,6076.00,6176.00,130221752832,21086051,3101,D,5959.00,6120.00
S*HiWeb,20190601,5875.00,6062.00,5805.00,5959.00,211611192483,35510029,4508,D,5829.00,6062.00
S*HiWeb,20190529,5924.00,5950.00,5750.00,5829.00,49088138848,8421190,1827,D,5879.00,5780.00
S*HiWeb,20190528,5861.00,5939.00,5841.00,5879.00,68813162860,11705551,2062,D,5804.00,5901.00
S*HiWeb,20190526,5850.00,5890.00,5794.00,5804.00,136679145489,23550367,3643,D,5912.00,5794.00
S*HiWeb,20190525,5800.00,5997.00,5780.00,5912.00,58493815577,9894443,1700,D,5775.00,5840.00
S*HiWeb,20190522,5884.00,5885.00,5700.00,5775.00,63946626154,11072085,1870,D,5885.00,5772.00
S*HiWeb,20190521,5905.00,5960.00,5803.00,5885.00,40112316540,6815969,1565,D,5881.00,5820.00
S*HiWeb,20190520,5985.00,6010.00,5800.00,5881.00,57342964002,9750382,1780,D,5921.00,5840.00
S*HiWeb,20190519,5799.00,5985.00,5731.00,5921.00,122854160889,20750319,3267,D,5755.00,5985.00
S*HiWeb,20190518,5740.00,5849.00,5630.00,5755.00,121979396830,21195717,3365,D,5628.00,5700.00
S*HiWeb,20190515,5900.00,5900.00,5606.00,5628.00,193634895111,34404434,4571,D,5839.00,5606.00
S*HiWeb,20190514,5800.00,5949.00,5763.00,5839.00,65629633291,11239324,2068,D,5753.00,5799.00
S*HiWeb,20190513,5570.00,5770.00,5570.00,5753.00,83176978302,14457327,1535,D,5549.00,5770.00
S*HiWeb,20190512,5749.00,5749.00,5523.00,5549.00,93962890455,16934024,2011,D,5753.00,5550.00
S*HiWeb,20190511,5902.00,6050.00,5660.00,5753.00,109273961045,18994243,2796,D,5895.00,5660.00
S*HiWeb,20190508,5813.00,6050.00,5811.00,5895.00,130315737707,22106138,3047,D,6053.00,5950.00
S*HiWeb,20190507,6102.00,6112.00,6041.00,6053.00,51235658511,8463983,820,D,6292.00,6041.00
S*HiWeb,20190506,6354.00,6442.00,6257.00,6292.00,89578028036,14236341,1441,D,6517.00,6257.00
S*HiWeb,20190505,6449.00,6649.00,6310.00,6517.00,232975388637,35749221,3975,D,6394.00,6400.00
S*HiWeb,20190504,6250.00,6449.00,6221.00,6394.00,149403745844,23367745,3372,D,6201.00,6310.00
S*HiWeb,20190501,6068.00,6322.00,5969.00,6201.00,173723217989,28015048,3562,D,6083.00,6170.00
S*HiWeb,20190430,6147.00,6171.00,5987.00,6083.00,106304121005,17474924,3227,D,6099.00,6020.00
S*HiWeb,20190429,6173.00,6200.00,6050.00,6099.00,89112096283,14611258,3516,D,6174.00,6080.00
S*HiWeb,20190428,6129.00,6310.00,6114.00,6174.00,88507909275,14335475,2358,D,6099.00,6120.00
S*HiWeb,20190427,6100.00,6220.00,6012.00,6099.00,96645604931,15845221,2614,D,6123.00,6115.00
S*HiWeb,20190424,6231.00,6250.00,6080.00,6123.00,104075388759,16997327,3300,D,6313.00,6081.00
S*HiWeb,20190423,6250.00,6416.00,6205.00,6313.00,106646898781,16893056,2446,D,6394.00,6220.00
S*HiWeb,20190422,6322.00,6478.00,5980.00,6394.00,666725769638,104280012,7234,D,6229.00,6260.00
S*HiWeb,20190420,6167.00,6259.00,6000.00,6229.00,464850550802,74626647,5025,D,6019.00,6259.00
S*HiWeb,20190417,5940.00,6048.00,5849.00,6019.00,497108238172,82587881,6397,D,5816.00,6048.00
S*HiWeb,20190416,5650.00,5892.00,5500.00,5816.00,444749400937,76466143,5785,D,5666.00,5892.00
S*HiWeb,20190415,5668.00,5710.00,5500.00,5666.00,187516335372,33092098,5997,D,5491.00,5598.00
S*HiWeb,20190414,5350.00,5538.00,5310.00,5491.00,125624865017,22876514,3692,D,5325.00,5538.00
S*HiWeb,20190413,5360.00,5390.00,5240.00,5325.00,116016978218,21788741,3839,D,5259.00,5328.00
S*HiWeb,20190410,5245.00,5370.00,5191.00,5259.00,142070778927,27013395,5088,D,5187.00,5305.00
S*HiWeb,20190409,5245.00,5293.00,5142.00,5187.00,186444287564,35943746,5769,D,5356.00,5184.00
S*HiWeb,20190408,5459.00,5459.00,5307.00,5356.00,81140488367,15150225,3269,D,5475.00,5350.00
S*HiWeb,20190407,5480.00,5551.00,5390.00,5475.00,73265817118,13382497,2836,D,5490.00,5425.00
S*HiWeb,20190406,5456.00,5580.00,5381.00,5490.00,63612382506,11586553,2145,D,5443.00,5450.00
S*HiWeb,20190331,5401.00,5519.00,5400.00,5443.00,36545518418,6714773,1557,D,5378.00,5403.00
S*HiWeb,20190330,5301.00,5449.00,5301.00,5378.00,46085013309,8569611,2187,D,5359.00,5423.00
S*HiWeb,20190327,5595.00,5595.00,5279.00,5359.00,101872354619,19009488,4359,D,5499.00,5330.00
S*HiWeb,20190326,5520.00,5610.00,5426.00,5499.00,50292879075,9146401,1506,D,5482.00,5463.00
S*HiWeb,20190325,5439.00,5530.00,5400.00,5482.00,26254337930,4789488,1016,D,5351.00,5488.00
S*HiWeb,20190319,5390.00,5439.00,5230.00,5351.00,76282005480,14255820,2629,D,5368.00,5360.00
S*HiWeb,20190318,5500.00,5540.00,5315.00,5368.00,186909670658,34817509,4747,D,5536.00,5315.00
S*HiWeb,20190317,5620.00,5709.00,5431.00,5536.00,84963073886,15346587,2238,D,5656.00,5492.00
S*HiWeb,20190316,5751.00,5811.00,5590.00,5656.00,61229765054,10825401,1397,D,5783.00,5620.00
S*HiWeb,20190313,5800.00,5899.00,5650.00,5783.00,121753986590,21055356,1786,D,5744.00,5650.00
S*HiWeb,20190312,5548.00,5769.00,5502.00,5744.00,104411620789,18176643,1603,D,5548.00,5769.00
S*HiWeb,20190311,5596.00,5700.00,5480.00,5548.00,56518579194,10186407,1502,D,5656.00,5522.00
S*HiWeb,20190310,5700.00,5772.00,5566.00,5656.00,51365640057,9080864,1361,D,5782.00,5595.00
S*HiWeb,20190309,5930.00,5930.00,5693.00,5782.00,47968271277,8296478,977,D,5915.00,5693.00
S*HiWeb,20190305,5890.00,5950.00,5802.00,5915.00,75748558364,12806667,1284,D,5722.00,5877.00
S*HiWeb,20190304,5592.00,5752.00,5550.00,5722.00,98869644170,17278990,1338,D,5531.00,5752.00
S*HiWeb,20190303,5600.00,5619.00,5467.00,5531.00,41174412730,7444218,1254,D,5504.00,5554.00
S*HiWeb,20190302,5660.00,5660.00,5465.00,5504.00,69203723884,12572350,1883,D,5692.00,5540.00
S*HiWeb,20190227,5670.00,5769.00,5645.00,5692.00,57763329739,10148744,1423,D,5581.00,5659.00
S*HiWeb,20190226,5450.00,5673.00,5352.00,5581.00,128359647470,23000878,2960,D,5455.00,5673.00
S*HiWeb,20190225,5613.00,5690.00,5383.00,5455.00,173728350078,31849412,4890,D,5607.00,5383.00
S*HiWeb,20190224,5580.00,5710.00,5580.00,5607.00,211685311053,37750446,4554,D,5812.00,5650.00
S*HiWeb,20190223,6000.00,6000.00,5770.00,5812.00,78504490207,13508427,1478,D,6010.00,5770.00
S*HiWeb,20190220,6115.00,6150.00,5994.00,6010.00,356352552464,59294961,2919,D,6116.00,5995.00
S*HiWeb,20190219,6201.00,6250.00,6107.00,6116.00,78343138504,12810255,1322,D,6231.00,6107.00
S*HiWeb,20190218,6249.00,6310.00,6112.00,6231.00,37356101346,5995376,1016,D,6185.00,6118.00
S*HiWeb,20190217,6280.00,6280.00,6061.00,6185.00,103006493870,16654963,1596,D,6262.00,6249.00
S*HiWeb,20190216,6300.00,6388.00,6161.00,6262.00,69364032143,11076224,1449,D,6296.00,6279.00
S*HiWeb,20190213,6325.00,6397.00,6260.00,6296.00,93894248462,14914280,1670,D,6275.00,6280.00
S*HiWeb,20190212,6330.00,6360.00,6133.00,6275.00,97074800513,15469926,1464,D,6346.00,6300.00
S*HiWeb,20190210,6300.00,6439.00,6280.00,6346.00,56085913346,8838618,1328,D,6344.00,6330.00
S*HiWeb,20190206,6348.00,6348.00,6272.00,6344.00,548329543317,86432399,4714,D,6104.00,6280.00
S*HiWeb,20190205,6101.00,6247.00,6016.00,6104.00,295550708231,48419189,2193,D,6007.00,6247.00
S*HiWeb,20190204,6078.00,6091.00,5960.00,6007.00,305912776325,50923511,2079,D,6004.00,6050.00
S*HiWeb,20190203,6098.00,6106.00,5865.00,6004.00,79286207090,13205337,1240,D,6101.00,5987.00
S*HiWeb,20190202,6189.00,6189.00,5980.00,6101.00,262015562332,42944040,2237,D,6106.00,6000.00
S*HiWeb,20190130,6140.00,6140.00,6026.00,6106.00,550200588958,90110450,4571,D,5904.00,6139.00
S*HiWeb,20190129,5800.00,5906.00,5740.00,5904.00,254262878394,43068139,1472,D,5679.00,5906.00
S*HiWeb,20190128,5790.00,5790.00,5649.00,5679.00,33325501138,5868128,1177,D,5822.00,5698.00
S*HiWeb,20190127,5906.00,6000.00,5791.00,5822.00,44770012337,7689677,1490,D,6026.00,5800.00
S*HiWeb,20190126,6110.00,6220.00,5900.00,6026.00,34230447250,5680464,1274,D,6069.00,5930.00
S*HiWeb,20190123,5930.00,6118.00,5895.00,6069.00,33730205108,5557376,1470,D,5883.00,6118.00
S*HiWeb,20190122,5760.00,5989.00,5750.00,5883.00,36289509106,6168930,1043,D,5864.00,5949.00
S*HiWeb,20190121,5960.00,6000.00,5794.00,5864.00,52026459032,8872333,1392,D,6035.00,5820.00
S*HiWeb,20190120,6279.00,6279.00,6011.00,6035.00,124696644784,20663762,3459,D,6261.00,6011.00
S*HiWeb,20190119,6289.00,6365.00,6200.00,6261.00,100636764711,16073791,1868,D,6203.00,6218.00
S*HiWeb,20190116,6300.00,6336.00,6070.00,6203.00,325336331440,52449018,3490,D,6306.00,6296.00
S*HiWeb,20190115,6552.00,6564.00,6269.00,6306.00,177100399561,28082953,4549,D,6530.00,6270.00
S*HiWeb,20190114,6640.00,6643.00,6505.00,6530.00,47659286296,7298248,1383,D,6590.00,6510.00
S*HiWeb,20190113,6643.00,6643.00,6557.00,6590.00,36489052946,5537260,1357,D,6685.00,6580.00
S*HiWeb,20190112,6749.00,6775.00,6610.00,6685.00,48217630387,7212916,1040,D,6726.00,6638.00
S*HiWeb,20190109,6651.00,6760.00,6650.00,6726.00,40657115043,6044413,799,D,6648.00,6717.00
S*HiWeb,20190108,6700.00,6700.00,6615.00,6648.00,32834466094,4939249,981,D,6740.00,6615.00
S*HiWeb,20190107,6810.00,6820.00,6670.00,6740.00,42399514093,6291070,965,D,6765.00,6700.00
S*HiWeb,20190106,6700.00,6820.00,6651.00,6765.00,76527534584,11312347,1155,D,6717.00,6741.00
S*HiWeb,20190105,6650.00,6810.00,6600.00,6717.00,63232832509,9413242,1090,D,6717.00,6648.00
S*HiWeb,20190102,6800.00,6849.00,6620.00,6717.00,83213409166,12389262,1516,D,6887.00,6700.00
S*HiWeb,20190101,6890.00,6988.00,6750.00,6887.00,89592251142,13009768,1993,D,6720.00,6760.00
S*HiWeb,20181231,6599.00,6836.00,6470.00,6720.00,113004277609,16816268,1932,D,6574.00,6836.00
S*HiWeb,20181230,6679.00,6679.00,6530.00,6574.00,54249944504,8252285,1391,D,6672.00,6578.00
S*HiWeb,20181229,6625.00,6780.00,6615.00,6672.00,42742580771,6405874,1426,D,6622.00,6620.00
S*HiWeb,20181226,6780.00,6849.00,6592.00,6622.00,183874751898,27768163,2361,D,6749.00,6610.00
S*HiWeb,20181225,6890.00,6892.00,6670.00,6749.00,63544641679,9415571,1320,D,6897.00,6700.00
S*HiWeb,20181224,7031.00,7039.00,6845.00,6897.00,59701216583,8656338,1182,D,7072.00,6850.00
S*HiWeb,20181223,6998.00,7200.00,6961.00,7072.00,102011462436,14423815,1528,D,6816.00,7030.00
S*HiWeb,20181222,6870.00,6900.00,6777.00,6816.00,32150743369,4716667,739,D,6826.00,6796.00
S*HiWeb,20181219,6939.00,6979.00,6750.00,6826.00,51673600002,7570620,1039,D,6906.00,6770.00
S*HiWeb,20181218,6820.00,7070.00,6750.00,6906.00,49958824484,7234157,1402,D,6873.00,6900.00
S*HiWeb,20181217,7035.00,7035.00,6788.00,6873.00,69379229299,10094495,1640,D,7040.00,6812.00
S*HiWeb,20181216,7190.00,7190.00,7000.00,7040.00,65930870898,9365576,1193,D,7183.00,7019.00
S*HiWeb,20181215,7248.00,7248.00,7150.00,7183.00,30494437253,4245625,588,D,7232.00,7164.00
S*HiWeb,20181212,7220.00,7320.00,7153.00,7232.00,53742619676,7431298,1402,D,7163.00,7153.00
S*HiWeb,20181211,7071.00,7279.00,7060.00,7163.00,47864468944,6681796,1147,D,7129.00,7204.00
S*HiWeb,20181210,7200.00,7290.00,7056.00,7129.00,124892630726,17520177,2137,D,7349.00,7059.00
S*HiWeb,20181209,7413.00,7413.00,7150.00,7349.00,250267266918,34055361,3415,D,7128.00,7200.00
S*HiWeb,20181208,7000.00,7140.00,6980.00,7128.00,89930777716,12616403,1001,D,6866.00,7140.00
S*HiWeb,20181205,6789.00,6880.00,6740.00,6866.00,87507494725,12744720,1310,D,6616.00,6880.00
S*HiWeb,20181204,6536.00,6800.00,6430.00,6616.00,104964953673,15865868,2021,D,6605.00,6740.00
S*HiWeb,20181203,6690.00,6690.00,6501.00,6605.00,88718119985,13432489,1738,D,6648.00,6580.00
S*HiWeb,20181202,6620.00,6799.00,6461.00,6648.00,87348149279,13139382,2307,D,6729.00,6607.00
S*HiWeb,20181201,6950.00,6951.00,6702.00,6729.00,147997975592,21993775,1237,D,6981.00,6702.00
S*HiWeb,20181128,7101.00,7150.00,6822.00,6981.00,125975200993,18046092,1768,D,7078.00,6930.00
S*HiWeb,20181127,7169.00,7180.00,7000.00,7078.00,162229984506,22920506,2393,D,7197.00,7099.00
S*HiWeb,20181126,7252.00,7385.00,7090.00,7197.00,164485505249,22856054,2618,D,7122.00,7100.00
S*HiWeb,20181124,6890.00,7164.00,6890.00,7122.00,145549838561,20438037,2511,D,6889.00,7164.00
S*HiWeb,20181121,6742.00,6988.00,6740.00,6889.00,92202402674,13383447,1678,D,6757.00,6895.00
S*HiWeb,20181120,6750.00,6842.00,6700.00,6757.00,72333881377,10705207,1460,D,6785.00,6702.00
S*HiWeb,20181119,6720.00,6970.00,6671.00,6785.00,116430184595,17158837,2128,D,6715.00,6730.00
S*HiWeb,20181118,6999.00,7049.00,6680.00,6715.00,263337724197,39214883,3426,D,6958.00,6680.00
S*HiWeb,20181117,7025.00,7199.00,6814.00,6958.00,115428745548,16590387,2679,D,7025.00,6948.00
S*HiWeb,20181114,7000.00,7200.00,6831.00,7025.00,165518252561,23560127,3217,D,7115.00,7025.00
S*HiWeb,20181113,7126.00,7126.00,6860.00,7115.00,403267029753,56677034,4220,D,6852.00,7003.00
S*HiWeb,20181112,6695.00,6890.00,6600.00,6852.00,127591116987,18621445,1642,D,6625.00,6890.00
S*HiWeb,20181111,6599.00,6740.00,6340.00,6625.00,161551673355,24384291,3435,D,6485.00,6678.00
S*HiWeb,20181110,6390.00,6506.00,6330.00,6485.00,253385869349,39070961,3714,D,6256.00,6506.00
S*HiWeb,20181106,6089.00,6290.00,6019.00,6256.00,240216871092,38398531,3035,D,6049.00,6290.00
S*HiWeb,20181105,5911.00,6110.00,5911.00,6049.00,43814335827,7242989,1170,D,5958.00,6090.00
S*HiWeb,20181104,6141.00,6141.00,5886.00,5958.00,96293124250,16161584,1990,D,6131.00,5940.00
S*HiWeb,20181103,6070.00,6152.00,5916.00,6131.00,192788912086,31442865,3025,D,5916.00,6140.00
S*HiWeb,20181031,5740.00,5990.00,5659.00,5916.00,113720112261,19222961,2278,D,5760.00,5990.00
S*HiWeb,20181029,5900.00,5920.00,5640.00,5760.00,60599212804,10520988,1502,D,5725.00,5680.00
S*HiWeb,20181028,5561.00,5798.00,5520.00,5725.00,72826621732,12720803,1627,D,5575.00,5798.00
S*HiWeb,20181027,5601.00,5755.00,5550.00,5575.00,129454534203,23221312,1890,D,5781.00,5551.00
S*HiWeb,20181024,6000.00,6000.00,5747.00,5781.00,220966603884,38219840,2069,D,5986.00,5747.00
S*HiWeb,20181023,6239.00,6280.00,5951.00,5986.00,152821014054,25530912,2607,D,6198.00,5951.00
S*HiWeb,20181022,6220.00,6300.00,6000.00,6198.00,180746479706,29163553,3139,D,6162.00,6201.00
S*HiWeb,20181021,6199.00,6240.00,6155.00,6162.00,468195563147,75984151,4828,D,6411.00,6184.00
S*HiWeb,20181020,6414.00,6414.00,6305.00,6411.00,462764423212,72187577,3584,D,6168.00,6350.00
S*HiWeb,20181017,6147.00,6182.00,5951.00,6168.00,519708122739,84265099,3683,D,5945.00,6182.00
S*HiWeb,20181016,5945.00,5945.00,5870.00,5945.00,290572930750,48877090,1585,D,5717.00,5945.00
S*HiWeb,20181015,5652.00,5728.00,5600.00,5717.00,74602066167,13048803,1471,D,5508.00,5728.00
S*HiWeb,20181014,5435.00,5770.00,5430.00,5508.00,24359609849,4423296,582,D,5602.00,5567.00
S*HiWeb,20181013,5613.00,5613.00,5450.00,5602.00,463598593471,82752261,4874,D,5398.00,5539.00
S*HiWeb,20181010,5217.00,5425.00,5217.00,5398.00,151063103928,27982732,2010,D,5217.00,5425.00
S*HiWeb,20181009,5121.00,5258.00,4912.00,5217.00,116763029527,22383230,2243,D,5056.00,5154.00
S*HiWeb,20181008,5029.00,5190.00,5029.00,5056.00,158738375451,31397476,3472,D,5238.00,5100.00
S*HiWeb,20181007,5238.00,5241.00,5238.00,5238.00,39825126503,7603107,696,D,5456.00,5238.00
S*HiWeb,20181006,5412.00,5745.00,5306.00,5456.00,101949032570,18686897,2398,D,5527.00,5306.00
S*HiWeb,20181003,5522.00,5635.00,5522.00,5527.00,127362512133,23044660,2340,D,5752.00,5522.00
S*HiWeb,20181002,5783.00,5880.00,5744.00,5752.00,69410015024,12067189,1277,D,5983.00,5744.00
S*HiWeb,20181001,6348.00,6348.00,5906.00,5983.00,202529352514,33853169,4921,D,6152.00,5906.00
S*HiWeb,20180930,6110.00,6155.00,6051.00,6152.00,286641636004,46594001,4406,D,5919.00,6155.00
S*HiWeb,20180929,5965.00,6001.00,5755.00,5919.00,201366727089,34021400,5107,D,5771.00,6001.00
S*HiWeb,20180926,5774.00,5774.00,5650.00,5771.00,204089769149,35365893,3683,D,5552.00,5774.00
S*HiWeb,20180925,5552.00,5552.00,5501.00,5552.00,98532662013,17747983,1464,D,5339.00,5552.00
S*HiWeb,20180924,5200.00,5365.00,5159.00,5339.00,130455717421,24433171,2148,D,5159.00,5365.00
S*HiWeb,20180923,5070.00,5219.00,5070.00,5159.00,152623569690,29586111,4772,D,5081.00,5131.00
S*HiWeb,20180922,5200.00,5250.00,5000.00,5081.00,156631445796,30824675,6816,D,5181.00,5029.00
S*HiWeb,20180918,5329.00,5329.00,5070.00,5181.00,97475032170,18813289,4012,D,5197.00,5149.00
S*HiWeb,20180917,5118.00,5210.00,5110.00,5197.00,138599227186,26669433,3656,D,5010.00,5210.00
S*HiWeb,20180916,5016.00,5016.00,4900.00,5010.00,318347277013,63539914,6558,D,4824.00,5016.00
S*HiWeb,20180915,4799.00,4838.00,4750.00,4824.00,66960124553,13880402,1114,D,4652.00,4838.00
S*HiWeb,20180912,4540.00,4748.00,4530.00,4652.00,166320975361,35753987,6017,D,4588.00,4639.00
S*HiWeb,20180911,4639.00,4640.00,4534.00,4588.00,108439736555,23635602,4333,D,4647.00,4540.00
S*HiWeb,20180910,4690.00,4694.00,4610.00,4647.00,122396422365,26337723,4334,D,4657.00,4610.00
S*HiWeb,20180909,4724.00,4724.00,4580.00,4657.00,99987696924,21472582,4490,D,4605.00,4661.00
S*HiWeb,20180908,4580.00,4680.00,4498.00,4605.00,123499746510,26819321,5106,D,4540.00,4640.00
S*HiWeb,20180905,4671.00,4684.00,4498.00,4540.00,116928415026,25752968,4707,D,4684.00,4500.00
S*HiWeb,20180904,4703.00,4765.00,4602.00,4684.00,73111403407,15607975,3007,D,4623.00,4612.00
S*HiWeb,20180903,4740.00,4746.00,4580.00,4623.00,162609018788,35176419,5318,D,4770.00,4669.00
S*HiWeb,20180902,4898.00,4898.00,4746.00,4770.00,118381581718,24819584,2345,D,4943.00,4746.00
S*HiWeb,20180901,5120.00,5130.00,4856.00,4943.00,207284922761,41933831,6892,D,4981.00,4898.00
S*HiWeb,20180829,4830.00,5181.00,4820.00,4981.00,603514163943,121172976,13747,D,5010.00,5161.00
S*HiWeb,20180828,5010.00,5010.00,5010.00,5010.00,45738168750,9129375,428,D,5218.00,5010.00
S*HiWeb,20180827,5218.00,5218.00,5218.00,5218.00,43255367610,8289645,308,D,5435.00,5218.00
S*HiWeb,20180826,5435.00,5435.00,5435.00,5435.00,22579174870,4154402,144,D,5545.00,5435.00
S*HiWeb,20180825,5545.00,5545.00,5545.00,5545.00,23114787190,4168582,127,D,5658.00,5545.00
S*HiWeb,20180821,5658.00,5658.00,5658.00,5658.00,23775436536,4202092,159,D,5773.00,5658.00
S*HiWeb,20180820,5861.00,5861.00,5744.00,5773.00,38255101317,6626475,674,D,5980.00,5744.00
S*HiWeb,20171212,5798.00,6041.00,5710.00,5980.00,350634078078,58636608,6101,D,5754.00,6041.00
S*HiWeb,20171211,5826.00,5826.00,5555.00,5754.00,966322713366,167946120,16663,D,5549.00,5669.00
S*HiWeb,20171210,5549.00,5549.00,5549.00,5549.00,12567441788,2264812,201,D,5285.00,5549.00
S*HiWeb,20171209,5285.00,5285.00,5285.00,5285.00,17825987900,3372940,278,D,5034.00,5285.00
S*HiWeb,20171205,5034.00,5034.00,5034.00,5034.00,201291149982,39986323,736,D,4795.00,5034.00
S*HiWeb,20171028,4730.00,4824.00,4730.00,4795.00,81082937122,16911498,1613,D,4595.00,4824.00
S*HiWeb,20171025,4602.00,4646.00,4551.00,4595.00,50171855536,10919593,2475,D,4508.00,4560.00
S*HiWeb,20171024,4423.00,4630.00,4410.00,4508.00,256031990762,56797414,5421,D,4441.00,4594.00
S*HiWeb,20171023,4440.00,4498.00,4415.00,4441.00,29116417309,6556139,1617,D,4409.00,4416.00
S*HiWeb,20171022,4433.00,4433.00,4401.00,4409.00,30975973545,7025310,1776,D,4434.00,4405.00
S*HiWeb,20171021,4495.00,4495.00,4401.00,4434.00,34580511342,7798461,2136,D,4466.00,4401.00
S*HiWeb,20171018,4500.00,4540.00,4440.00,4466.00,45297905123,10141925,4228,D,4536.00,4446.00
S*HiWeb,20171017,4501.00,4568.00,4431.00,4536.00,151374670084,33373458,4610,D,4505.00,4510.00
S*HiWeb,20171016,4433.00,4549.00,4433.00,4505.00,43608176690,9679007,2733,D,4432.00,4512.00
S*HiWeb,20171015,4487.00,4487.00,4402.00,4432.00,48088284609,10851278,2774,D,4515.00,4447.00
S*HiWeb,20171014,4500.00,4580.00,4480.00,4515.00,40470328767,8964434,2272,D,4494.00,4490.00
S*HiWeb,20171011,4570.00,4580.00,4451.00,4494.00,56649609075,12605664,3265,D,4645.00,4485.00
S*HiWeb,20171010,4644.00,4699.00,4551.00,4645.00,96327811304,20736996,5159,D,4540.00,4571.00
S*HiWeb,20171009,4439.00,4620.00,4411.00,4540.00,128011254804,28198096,7802,D,4411.00,4590.00
S*HiWeb,20171008,4500.00,4508.00,4380.00,4411.00,138562217209,31412273,7822,D,4610.00,4440.00
S*HiWeb,20171007,4655.00,4737.00,4520.00,4610.00,174277270033,37807869,10070,D,4594.00,4569.00
S*HiWeb,20171004,4551.00,4628.00,4519.00,4594.00,246291436267,53613786,13169,D,4408.00,4628.00
S*HiWeb,20171003,4500.00,4588.00,4361.00,4408.00,419098773045,95084554,29274,D,4590.00,4475.00
S*HiWeb,20171002,4599.00,4636.00,4500.00,4590.00,1074797189487,234165389,68190,D,4416.00,4530.00
S*HiWeb,20170927,4416.00,4416.00,4416.00,4416.00,239381189952,54207697,5256,D,4206.00,4416.00
S*HiWeb,20170926,4206.00,4206.00,4206.00,4206.00,46299887742,11008057,519,D,4006.00,4206.00
S*HiWeb,20170925,4006.00,4006.00,4006.00,4006.00,42378821022,10578837,473,D,3816.00,4006.00
S*HiWeb,20170924,3816.00,3816.00,3816.00,3816.00,21995130168,5763923,498,D,3635.00,3816.00
S*HiWeb,20170923,3635.00,3635.00,3635.00,3635.00,11723856450,3225270,586,D,3462.00,3635.00
S*HiWeb,20170920,3462.00,3462.00,3462.00,3462.00,8183101704,2363692,512,D,3298.00,3462.00
S*HiWeb,20170918,3298.00,3298.00,3298.00,3298.00,5369599124,1628138,410,D,3141.00,3298.00
S*HiWeb,20170917,3141.00,3141.00,3141.00,3141.00,5093850789,1621729,344,D,2992.00,3141.00
S*HiWeb,20170916,2992.00,2992.00,2992.00,2992.00,4805603792,1606151,361,D,2850.00,2992.00
S*HiWeb,20170913,2850.00,2850.00,2850.00,2850.00,1140000000000,400000000,104873,D,1000.00,2850.00
